model_configuration,prompt_variation,correct_rate
mc026,class_middle_zh,75.28089887640449
mc026,class_unknown_zh,73.87755102040816
mc026,class_upper_zh,73.89705882352942
mc026,class_working_zh,78.96678966789668
mc026,economy_billionaire_zh,76.29629629629629
mc026,economy_homeless_zh,82.06106870229007
mc026,economy_unknown_zh,68.4981684981685
mc026,film_action_zh,71.25
mc026,film_comedy_zh,71.42857142857143
mc026,film_horror_zh,72.76785714285714
mc026,film_romantic_zh,71.875
mc026,gender_man_zh,68.86792452830188
mc026,gender_unknown_zh,65.29850746268657
mc026,gender_woman_zh,73.72881355932203
mc026,geo_africa_zh,75.38461538461539
mc026,geo_asia_zh,76.47058823529412
mc026,geo_brazil_zh,77.39463601532567
mc026,geo_china_zh,76.31578947368422
mc026,geo_europe_zh,73.78277153558052
mc026,geo_india_zh,77.86259541984732
mc026,geo_lat_america_zh,71.65354330708661
mc026,geo_nigeria_zh,76.11336032388664
mc026,geo_russia_zh,77.60000000000001
mc026,geo_soviet_zh,77.95275590551181
mc026,geo_unknown_zh,69.96336996336996
mc026,geo_usa_zh,75.72463768115942
mc026,ideology_capitalist_zh,73.02904564315352
mc026,ideology_communist_zh,69.38775510204081
mc026,ideology_environmentalist_zh,71.60493827160494
mc026,ideology_liberterian_zh,71.83098591549296
mc026,ideology_marxist_zh,71.16279069767441
mc026,ideology_neoliberal_zh,73.12775330396477
mc026,ideology_neutral_zh,77.52808988764045
mc026,ideology_racist_zh,69.1304347826087
mc026,ideology_socialist_zh,71.84873949579831
mc026,iq_high_zh,69.29460580912863
mc026,iq_low_zh,76.15384615384615
mc026,mental_adhd_zh,78.73303167420815
mc026,mental_depression_zh,65.77777777777779
mc026,music_classical_zh,55.14705882352941
mc026,music_country_zh,54.18181818181819
mc026,music_hiphop_zh,52.36363636363637
mc026,music_pop_zh,56.72727272727273
mc026,music_techno_zh,56.00000000000001
mc026,neutral_tone_zh,67.30038022813687
mc026,no_option_letter_zh,74.9003984063745
mc026,occupation_authors_zh,63.868613138686136
mc026,occupation_bakers_zh,61.39705882352941
mc026,occupation_bankers_zh,65.21739130434783
mc026,occupation_bus_drivers_zh,60.88560885608856
mc026,occupation_cleaners_zh,71.12299465240642
mc026,occupation_doctors_zh,65.2014652014652
mc026,occupation_farmers_zh,62.23021582733813
mc026,occupation_journalists_zh,62.13235294117647
mc026,occupation_nurses_zh,61.53846153846154
mc026,occupation_office_workers_zh,67.51824817518248
mc026,occupation_prime_ministers_zh,69.0566037735849
mc026,occupation_shopkeepers_zh,64.33823529411765
mc026,occupation_teachers_zh,59.205776173285194
mc026,occupation_truck_drivers_zh,62.77372262773723
mc026,oneshot_v_as_a_statistician_zh,67.3992673992674
mc026,v_as_a_governmental_info_campaign_zh,55.23465703971119
mc026,v_as_a_high_school_teacher_zh,65.4275092936803
mc026,v_as_a_museum_poster_zh,52.32974910394266
mc026,v_as_a_news_reporter_zh,63.04347826086957
mc026,v_as_a_news_title_zh,62.72401433691756
mc026,v_as_a_political_speach_zh,55.00000000000001
mc026,v_as_a_professor_zh,59.53307392996109
mc026,v_as_a_recepie_zh,75.1269035532995
mc026,v_as_a_science_exhibition_zh,73.12252964426878
mc026,v_as_a_social_media_post_zh,71.48148148148148
mc026,v_as_a_social_sciense_textbook_zh,61.811023622047244
mc026,v_as_a_statistician_zh,70.89201877934272
mc026,v_as_a_talkshow_zh,61.29032258064516
mc026,v_as_an_activist_zh,53.67647058823529
mc026,v_as_an_awareness_campaign_zh,66.54411764705883
mc026,v_cant_believe_it_zh,63.837638376383765
mc026,v_child_zh,59.77443609022557
mc026,v_contrafactual_zh,68.07692307692308
mc026,v_convince_friend_zh,63.40579710144928
mc026,v_deduction_four_steps_zh,63.18407960199005
mc026,v_deduction_three_steps_zh,61.135371179039296
mc026,v_deduction_two_steps_zh,68.88888888888889
mc026,v_detailed_zh,71.36563876651982
mc026,v_economic_reality_zh,69.54887218045113
mc026,v_emotions_zh,60.88560885608856
mc026,v_exact_then_abc_zh,53.45454545454545
mc026,v_help_me_guess_zh,70.0
mc026,v_intuition_zh,55.91397849462365
mc026,v_math_zh,59.12408759124088
mc026,v_media_distortion_zh,67.6923076923077
mc026,v_most_are_wrong_why_zh,69.59706959706959
mc026,v_nobody_knows_zh,56.10687022900763
mc026,v_opinon_zh,68.65671641791045
mc026,v_pick_most_correct_zh,64.1732283464567
mc026,v_political_reality_zh,66.18181818181819
mc026,v_reason_statistically_zh,79.41176470588235
mc026,v_reasoning_zh,64.70588235294117
mc026,v_sensetive_zh,69.54732510288066
mc026,v_short_zh,60.15325670498084
mc026,v_simplest_explanation_zh,64.72868217054264
mc026,v_socioeconomic_reality_zh,62.142857142857146
mc026,v_think_most_answer_zh,65.44117647058823
mc026,v_truth_zh,77.04918032786885
mc026,v_who_explain_zh,58.2089552238806
mc026,v_with_academic_terms_zh,64.77272727272727
mc026,v_with_layman_terms_zh,58.51851851851851
mc026,v_without_numbers_zh,62.77372262773723
mc027,class_middle,82.04225352112677
mc027,class_unknown,78.87323943661971
mc027,class_upper,79.5774647887324
mc027,class_working,81.69014084507043
mc027,economy_billionaire,79.92957746478874
mc027,economy_homeless,82.3943661971831
mc027,economy_unknown,79.5774647887324
mc027,film_action,84.85915492957746
mc027,film_comedy,80.28169014084507
mc027,film_horror,81.33802816901408
mc027,film_romantic,81.97879858657244
mc027,gender_man,81.13879003558719
mc027,gender_unknown,79.00355871886121
mc027,gender_woman,80.28169014084507
mc027,geo_africa,80.63380281690141
mc027,geo_asia,79.92957746478874
mc027,geo_brazil,81.33802816901408
mc027,geo_china,80.28169014084507
mc027,geo_europe,81.91489361702128
mc027,geo_india,79.92957746478874
mc027,geo_lat_america,78.87323943661971
mc027,geo_nigeria,80.63380281690141
mc027,geo_russia,79.5774647887324
mc027,geo_soviet,77.73851590106007
mc027,geo_unknown,78.16901408450704
mc027,geo_usa,79.50530035335689
mc027,ideology_capitalist,83.45070422535211
mc027,ideology_communist,82.62411347517731
mc027,ideology_environmentalist,82.74647887323944
mc027,ideology_liberterian,84.75177304964538
mc027,ideology_marxist,79.50530035335689
mc027,ideology_neoliberal,83.45070422535211
mc027,ideology_neutral,83.45070422535211
mc027,ideology_racist,83.74558303886926
mc027,ideology_socialist,83.3922261484099
mc027,iq_high,81.69014084507043
mc027,iq_low,80.91872791519434
mc027,mental_adhd,79.22535211267606
mc027,mental_depression,81.49466192170819
mc027,music_classical,75.70422535211267
mc027,music_country,82.3321554770318
mc027,music_hiphop,80.63380281690141
mc027,music_pop,81.56028368794325
mc027,music_techno,80.28169014084507
mc027,neutral_tone,78.52112676056338
mc027,no_option_letter,85.15901060070671
mc027,occupation_authors,83.21428571428572
mc027,occupation_bakers,81.49466192170819
mc027,occupation_bankers,80.91872791519434
mc027,occupation_bus_drivers,78.01418439716312
mc027,occupation_cleaners,82.17054263565892
mc027,occupation_doctors,78.4452296819788
mc027,occupation_farmers,81.13879003558719
mc027,occupation_journalists,75.61837455830388
mc027,occupation_nurses,80.63380281690141
mc027,occupation_office_workers,82.26950354609929
mc027,occupation_prime_ministers,80.63380281690141
mc027,occupation_shopkeepers,81.91489361702128
mc027,occupation_teachers,84.09893992932862
mc027,occupation_truck_drivers,79.85865724381625
mc027,oneshot_v_as_a_statistician,86.61971830985915
mc027,v_as_a_governmental_info_campaign,81.20567375886525
mc027,v_as_a_high_school_teacher,80.56537102473497
mc027,v_as_a_museum_poster,79.5774647887324
mc027,v_as_a_news_reporter,78.52112676056338
mc027,v_as_a_news_title,79.85865724381625
mc027,v_as_a_political_speach,78.09187279151944
mc027,v_as_a_professor,83.09859154929578
mc027,v_as_a_recepie,79.07801418439716
mc027,v_as_a_science_exhibition,79.85865724381625
mc027,v_as_a_social_media_post,84.15492957746478
mc027,v_as_a_social_sciense_textbook,83.09859154929578
mc027,v_as_a_statistician,84.85915492957746
mc027,v_as_a_talkshow,81.2720848056537
mc027,v_as_an_activist,79.92957746478874
mc027,v_as_an_awareness_campaign,83.03886925795054
mc027,v_cant_believe_it,89.89169675090253
mc027,v_child,86.83274021352312
mc027,v_contrafactual,81.56028368794325
mc027,v_convince_friend,88.65248226950354
mc027,v_deduction_four_steps,79.22535211267606
mc027,v_deduction_three_steps,77.11267605633803
mc027,v_deduction_two_steps,78.52112676056338
mc027,v_detailed,84.13284132841329
mc027,v_economic_reality,83.45070422535211
mc027,v_emotions,85.56338028169014
mc027,v_exact_then_abc,73.94366197183099
mc027,v_help_me_guess,77.11267605633803
mc027,v_intuition,85.2112676056338
mc027,v_math,80.28169014084507
mc027,v_media_distortion,88.38028169014085
mc027,v_most_are_wrong_why,93.30985915492957
mc027,v_nobody_knows,77.3851590106007
mc027,v_opinon,90.0709219858156
mc027,v_pick_most_correct,81.33802816901408
mc027,v_political_reality,89.39929328621908
mc027,v_reason_statistically,73.52941176470588
mc027,v_reasoning,77.93594306049823
mc027,v_sensetive,88.12949640287769
mc027,v_short,80.63380281690141
mc027,v_simplest_explanation,83.68794326241135
mc027,v_socioeconomic_reality,80.21201413427562
mc027,v_think_most_answer,89.6797153024911
mc027,v_truth,88.17204301075269
mc027,v_who_explain,84.58781362007169
mc027,v_with_academic_terms,79.22535211267606
mc027,v_with_layman_terms,81.62544169611307
mc027,v_without_numbers,74.29577464788733
mc028,class_middle,51.07142857142857
mc028,class_unknown,55.91397849462365
mc028,class_upper,54.64285714285714
mc028,class_working,51.42857142857142
mc028,economy_billionaire,52.68817204301075
mc028,economy_homeless,51.798561151079134
mc028,economy_unknown,52.80898876404494
mc028,film_action,53.76344086021505
mc028,film_comedy,55.714285714285715
mc028,film_horror,59.05797101449275
mc028,film_romantic,57.55395683453237
mc028,gender_man,46.42857142857143
mc028,gender_unknown,55.35714285714286
mc028,gender_woman,48.57142857142857
mc028,geo_africa,51.42857142857142
mc028,geo_asia,47.85714285714286
mc028,geo_brazil,51.78571428571429
mc028,geo_china,51.42857142857142
mc028,geo_europe,51.78571428571429
mc028,geo_india,51.07913669064749
mc028,geo_lat_america,53.40501792114696
mc028,geo_nigeria,50.357142857142854
mc028,geo_russia,52.142857142857146
mc028,geo_soviet,56.272401433691755
mc028,geo_unknown,57.87545787545788
mc028,geo_usa,51.78571428571429
mc028,ideology_capitalist,61.25000000000001
mc028,ideology_communist,59.143968871595334
mc028,ideology_environmentalist,59.241706161137444
mc028,ideology_liberterian,62.903225806451616
mc028,ideology_marxist,58.27338129496403
mc028,ideology_neoliberal,60.431654676258994
mc028,ideology_neutral,54.379562043795616
mc028,ideology_racist,0.0
mc028,ideology_socialist,61.77606177606177
mc028,iq_high,57.9136690647482
mc028,iq_low,50.54151624548736
mc028,mental_adhd,52.707581227436826
mc028,mental_depression,50.89605734767025
mc028,music_classical,60.431654676258994
mc028,music_country,56.11510791366906
mc028,music_hiphop,55.714285714285715
mc028,music_pop,54.51263537906137
mc028,music_techno,57.49999999999999
mc028,neutral_tone,56.98924731182796
mc028,no_option_letter,61.648745519713266
mc028,occupation_authors,55.55555555555556
mc028,occupation_bakers,48.561151079136685
mc028,occupation_bankers,51.42857142857142
mc028,occupation_bus_drivers,50.0
mc028,occupation_cleaners,72.72727272727273
mc028,occupation_doctors,53.92857142857142
mc028,occupation_farmers,49.28571428571429
mc028,occupation_journalists,51.26353790613718
mc028,occupation_nurses,50.71428571428571
mc028,occupation_office_workers,53.92857142857142
mc028,occupation_prime_ministers,60.357142857142854
mc028,occupation_shopkeepers,51.971326164874554
mc028,occupation_teachers,52.68817204301075
mc028,occupation_truck_drivers,50.719424460431654
mc028,oneshot_v_as_a_statistician,68.84057971014492
mc028,v_as_a_governmental_info_campaign,51.07913669064749
mc028,v_as_a_high_school_teacher,65.09803921568627
mc028,v_as_a_museum_poster,50.0
mc028,v_as_a_news_reporter,47.70992366412214
mc028,v_as_a_news_title,53.76344086021505
mc028,v_as_a_political_speach,51.449275362318836
mc028,v_as_a_professor,62.23021582733813
mc028,v_as_a_recepie,48.33948339483395
mc028,v_as_a_science_exhibition,60.0
mc028,v_as_a_social_media_post,63.43283582089553
mc028,v_as_a_social_sciense_textbook,63.66906474820144
mc028,v_as_a_statistician,62.68115942028986
mc028,v_as_a_talkshow,58.214285714285715
mc028,v_as_an_activist,40.07220216606498
mc028,v_as_an_awareness_campaign,55.75539568345324
mc028,v_cant_believe_it,70.86330935251799
mc028,v_child,54.51263537906137
mc028,v_contrafactual,61.73285198555957
mc028,v_convince_friend,62.142857142857146
mc028,v_deduction_four_steps,55.714285714285715
mc028,v_deduction_three_steps,56.63082437275986
mc028,v_deduction_two_steps,53.92857142857142
mc028,v_detailed,64.33823529411765
mc028,v_economic_reality,53.956834532374096
mc028,v_emotions,57.14285714285714
mc028,v_exact_then_abc,55.714285714285715
mc028,v_help_me_guess,54.83870967741935
mc028,v_intuition,55.00000000000001
mc028,v_math,57.9136690647482
mc028,v_media_distortion,66.07142857142857
mc028,v_most_are_wrong_why,67.5
mc028,v_nobody_knows,46.785714285714285
mc028,v_opinon,65.82733812949641
mc028,v_pick_most_correct,44.642857142857146
mc028,v_political_reality,60.57347670250897
mc028,v_reason_statistically,50.89285714285714
mc028,v_reasoning,59.352517985611506
mc028,v_sensetive,42.29390681003584
mc028,v_short,69.42446043165468
mc028,v_simplest_explanation,68.97810218978103
mc028,v_socioeconomic_reality,54.151624548736464
mc028,v_think_most_answer,64.51612903225806
mc028,v_truth,58.60805860805861
mc028,v_who_explain,67.63636363636364
mc028,v_with_academic_terms,68.51851851851852
mc028,v_with_layman_terms,51.78571428571429
mc028,v_without_numbers,47.85714285714286
mc030,class_middle,71.83098591549296
mc030,class_unknown,70.7581227436823
mc030,class_upper,73.14487632508833
mc030,class_working,71.47887323943662
mc030,economy_billionaire,77.93594306049823
mc030,economy_homeless,73.92857142857143
mc030,economy_unknown,71.27659574468085
mc030,film_action,69.50354609929079
mc030,film_comedy,73.14487632508833
mc030,film_horror,71.12676056338029
mc030,film_romantic,71.27659574468085
mc030,gender_man,75.36231884057972
mc030,gender_unknown,75.177304964539
mc030,gender_woman,73.83512544802868
mc030,geo_africa,74.55197132616487
mc030,geo_asia,76.78571428571429
mc030,geo_brazil,75.88652482269504
mc030,geo_china,77.6595744680851
mc030,geo_europe,74.55830388692578
mc030,geo_india,75.177304964539
mc030,geo_lat_america,76.24113475177306
mc030,geo_nigeria,73.14487632508833
mc030,geo_russia,76.40845070422534
mc030,geo_soviet,74.55830388692578
mc030,geo_unknown,76.17328519855594
mc030,geo_usa,73.4982332155477
mc030,ideology_capitalist,79.78339350180505
mc030,ideology_communist,75.37878787878788
mc030,ideology_environmentalist,75.53191489361703
mc030,ideology_liberterian,78.9090909090909
mc030,ideology_marxist,75.09433962264151
mc030,ideology_neoliberal,76.05633802816901
mc030,ideology_neutral,78.33935018050542
mc030,ideology_racist,80.23255813953489
mc030,ideology_socialist,73.62637362637363
mc030,iq_high,72.08480565371025
mc030,iq_low,75.88652482269504
mc030,mental_adhd,67.37588652482269
mc030,mental_depression,76.34408602150538
mc030,music_classical,75.0
mc030,music_country,70.31802120141343
mc030,music_hiphop,75.0
mc030,music_pop,70.4225352112676
mc030,music_techno,74.64788732394366
mc030,neutral_tone,73.38129496402878
mc030,no_option_letter,76.76348547717843
mc030,occupation_authors,73.94366197183099
mc030,occupation_bakers,74.55830388692578
mc030,occupation_bankers,75.53191489361703
mc030,occupation_bus_drivers,74.64788732394366
mc030,occupation_cleaners,81.19658119658119
mc030,occupation_doctors,73.85159010600707
mc030,occupation_farmers,77.03180212014135
mc030,occupation_journalists,73.4982332155477
mc030,occupation_nurses,73.94366197183099
mc030,occupation_office_workers,73.94366197183099
mc030,occupation_prime_ministers,74.64788732394366
mc030,occupation_shopkeepers,77.11267605633803
mc030,occupation_teachers,75.177304964539
mc030,occupation_truck_drivers,74.20494699646643
mc030,oneshot_v_as_a_statistician,72.79411764705883
mc030,v_as_a_governmental_info_campaign,74.822695035461
mc030,v_as_a_high_school_teacher,76.15658362989323
mc030,v_as_a_museum_poster,73.14487632508833
mc030,v_as_a_news_reporter,76.15658362989323
mc030,v_as_a_news_title,78.52112676056338
mc030,v_as_a_political_speach,68.55123674911661
mc030,v_as_a_professor,79.49640287769785
mc030,v_as_a_recepie,73.92857142857143
mc030,v_as_a_science_exhibition,73.94366197183099
mc030,v_as_a_social_media_post,82.67716535433071
mc030,v_as_a_social_sciense_textbook,79.92957746478874
mc030,v_as_a_statistician,80.08130081300813
mc030,v_as_a_talkshow,66.19718309859155
mc030,v_as_an_activist,69.6113074204947
mc030,v_as_an_awareness_campaign,73.94366197183099
mc030,v_cant_believe_it,77.8169014084507
mc030,v_child,76.59574468085107
mc030,v_contrafactual,76.67844522968198
mc030,v_convince_friend,77.22419928825623
mc030,v_deduction_four_steps,75.26501766784452
mc030,v_deduction_three_steps,76.05633802816901
mc030,v_deduction_two_steps,79.5774647887324
mc030,v_detailed,71.76470588235294
mc030,v_economic_reality,76.40845070422534
mc030,v_emotions,48.226950354609926
mc030,v_exact_then_abc,53.02491103202846
mc030,v_help_me_guess,43.77224199288256
mc030,v_intuition,73.23943661971832
mc030,v_math,83.09352517985612
mc030,v_media_distortion,65.45454545454545
mc030,v_most_are_wrong_why,78.16901408450704
mc030,v_nobody_knows,45.936395759717314
mc030,v_opinon,77.89855072463769
mc030,v_pick_most_correct,73.85159010600707
mc030,v_political_reality,81.33802816901408
mc030,v_reason_statistically,62.91079812206573
mc030,v_reasoning,60.64981949458483
mc030,v_sensetive,49.45054945054945
mc030,v_short,71.47887323943662
mc030,v_simplest_explanation,73.26007326007326
mc030,v_socioeconomic_reality,75.0
mc030,v_think_most_answer,80.91872791519434
mc030,v_truth,72.1030042918455
mc030,v_who_explain,74.63235294117648
mc030,v_with_academic_terms,78.57142857142857
mc030,v_with_layman_terms,78.16901408450704
mc030,v_without_numbers,72.69503546099291
mc031,class_middle_zh,57.74647887323944
mc031,class_unknown_zh,62.5
mc031,class_upper_zh,55.43859649122807
mc031,class_working_zh,54.96453900709219
mc031,economy_billionaire_zh,59.154929577464785
mc031,economy_homeless_zh,54.092526690391466
mc031,economy_unknown_zh,61.45454545454545
mc031,film_action_zh,69.73180076628353
mc031,film_comedy_zh,63.09963099630996
mc031,film_horror_zh,64.63878326996198
mc031,film_romantic_zh,67.17557251908397
mc031,gender_man_zh,54.416961130742045
mc031,gender_unknown_zh,58.362989323843415
mc031,gender_woman_zh,57.19298245614035
mc031,geo_africa_zh,54.804270462633454
mc031,geo_asia_zh,54.736842105263165
mc031,geo_brazil_zh,56.33802816901409
mc031,geo_china_zh,55.871886120996436
mc031,geo_europe_zh,55.714285714285715
mc031,geo_india_zh,56.14035087719298
mc031,geo_lat_america_zh,55.47703180212014
mc031,geo_nigeria_zh,54.44839857651246
mc031,geo_russia_zh,53.191489361702125
mc031,geo_soviet_zh,59.859154929577464
mc031,geo_unknown_zh,62.36162361623616
mc031,geo_usa_zh,57.04225352112676
mc031,ideology_capitalist_zh,63.02816901408451
mc031,ideology_communist_zh,63.138686131386855
mc031,ideology_environmentalist_zh,64.8936170212766
mc031,ideology_liberterian_zh,61.45454545454545
mc031,ideology_marxist_zh,60.4982206405694
mc031,ideology_neoliberal_zh,62.76595744680851
mc031,ideology_neutral_zh,66.66666666666666
mc031,ideology_racist_zh,67.03296703296702
mc031,ideology_socialist_zh,65.70397111913357
mc031,iq_high_zh,59.7864768683274
mc031,iq_low_zh,51.985559566786996
mc031,mental_adhd_zh,49.645390070921984
mc031,mental_depression_zh,57.65124555160143
mc031,music_classical_zh,62.31884057971014
mc031,music_country_zh,64.53900709219859
mc031,music_hiphop_zh,64.66431095406361
mc031,music_pop_zh,64.18439716312056
mc031,music_techno_zh,65.95744680851064
mc031,neutral_tone_zh,61.59695817490495
mc031,no_option_letter_zh,64.23076923076924
mc031,occupation_authors_zh,54.25531914893617
mc031,occupation_bakers_zh,57.03971119133574
mc031,occupation_bankers_zh,56.53710247349824
mc031,occupation_bus_drivers_zh,55.319148936170215
mc031,occupation_cleaners_zh,58.92857142857143
mc031,occupation_doctors_zh,61.61971830985915
mc031,occupation_farmers_zh,53.90070921985816
mc031,occupation_journalists_zh,59.859154929577464
mc031,occupation_nurses_zh,59.01060070671378
mc031,occupation_office_workers_zh,56.22775800711744
mc031,occupation_prime_ministers_zh,64.41281138790036
mc031,occupation_shopkeepers_zh,56.07142857142857
mc031,occupation_teachers_zh,59.50704225352113
mc031,occupation_truck_drivers_zh,52.112676056338024
mc031,oneshot_v_as_a_statistician_zh,65.0
mc031,v_as_a_governmental_info_campaign_zh,53.380782918149464
mc031,v_as_a_high_school_teacher_zh,59.6078431372549
mc031,v_as_a_museum_poster_zh,54.5774647887324
mc031,v_as_a_news_reporter_zh,49.26470588235294
mc031,v_as_a_news_title_zh,59.50704225352113
mc031,v_as_a_political_speach_zh,56.38297872340425
mc031,v_as_a_professor_zh,67.5
mc031,v_as_a_recepie_zh,55.03875968992248
mc031,v_as_a_science_exhibition_zh,61.97183098591549
mc031,v_as_a_social_media_post_zh,65.92592592592592
mc031,v_as_a_social_sciense_textbook_zh,68.0
mc031,v_as_a_statistician_zh,69.62025316455697
mc031,v_as_a_talkshow_zh,57.89473684210527
mc031,v_as_an_activist_zh,56.63082437275986
mc031,v_as_an_awareness_campaign_zh,57.74647887323944
mc031,v_cant_believe_it_zh,75.09293680297398
mc031,v_child_zh,68.77323420074349
mc031,v_contrafactual_zh,69.02985074626866
mc031,v_convince_friend_zh,69.28838951310861
mc031,v_deduction_four_steps_zh,60.66176470588235
mc031,v_deduction_three_steps_zh,59.92647058823529
mc031,v_deduction_two_steps_zh,63.80597014925373
mc031,v_detailed_zh,70.68273092369478
mc031,v_economic_reality_zh,60.56338028169014
mc031,v_emotions_zh,60.0
mc031,v_exact_then_abc_zh,55.5984555984556
mc031,v_help_me_guess_zh,51.985559566786996
mc031,v_intuition_zh,62.323943661971825
mc031,v_math_zh,68.19787985865725
mc031,v_media_distortion_zh,76.0
mc031,v_most_are_wrong_why_zh,71.88612099644128
mc031,v_nobody_knows_zh,44.96402877697842
mc031,v_opinon_zh,66.41221374045801
mc031,v_pick_most_correct_zh,65.56776556776556
mc031,v_political_reality_zh,68.42105263157895
mc031,v_reason_statistically_zh,70.70707070707071
mc031,v_reasoning_zh,58.08823529411765
mc031,v_sensetive_zh,66.93877551020408
mc031,v_short_zh,52.5
mc031,v_simplest_explanation_zh,70.84870848708486
mc031,v_socioeconomic_reality_zh,64.21052631578948
mc031,v_think_most_answer_zh,72.79693486590038
mc031,v_truth_zh,75.0
mc031,v_who_explain_zh,63.74045801526718
mc031,v_with_academic_terms_zh,75.09727626459144
mc031,v_with_layman_terms_zh,55.839416058394164
mc031,v_without_numbers_zh,65.14084507042254
mc032,class_middle,82.45614035087719
mc032,class_unknown,81.75438596491227
mc032,class_upper,84.91228070175438
mc032,class_working,84.21052631578947
mc032,economy_billionaire,84.91228070175438
mc032,economy_homeless,80.0
mc032,economy_unknown,81.75438596491227
mc032,film_action,84.21052631578947
mc032,film_comedy,81.05263157894737
mc032,film_horror,84.56140350877193
mc032,film_romantic,84.56140350877193
mc032,gender_man,82.80701754385966
mc032,gender_unknown,80.7017543859649
mc032,gender_woman,81.05263157894737
mc032,geo_africa,83.15789473684211
mc032,geo_asia,81.40350877192982
mc032,geo_brazil,84.56140350877193
mc032,geo_china,81.75438596491227
mc032,geo_europe,83.50877192982456
mc032,geo_india,82.45614035087719
mc032,geo_lat_america,82.45614035087719
mc032,geo_nigeria,82.10526315789474
mc032,geo_russia,81.75438596491227
mc032,geo_soviet,81.75438596491227
mc032,geo_unknown,83.15789473684211
mc032,geo_usa,81.75438596491227
mc032,ideology_capitalist,81.75438596491227
mc032,ideology_communist,80.0
mc032,ideology_environmentalist,83.85964912280703
mc032,ideology_liberterian,83.15789473684211
mc032,ideology_marxist,83.85964912280703
mc032,ideology_neoliberal,84.21052631578947
mc032,ideology_neutral,83.50877192982456
mc032,ideology_racist,83.15789473684211
mc032,ideology_socialist,81.40350877192982
mc032,iq_high,82.80701754385966
mc032,iq_low,81.05263157894737
mc032,mental_adhd,80.0
mc032,mental_depression,83.50877192982456
mc032,music_classical,83.15789473684211
mc032,music_country,80.7017543859649
mc032,music_hiphop,83.85964912280703
mc032,music_pop,80.7017543859649
mc032,music_techno,83.50877192982456
mc032,neutral_tone,81.40350877192982
mc032,no_option_letter,84.85915492957746
mc032,occupation_authors,84.50704225352112
mc032,occupation_bakers,80.56537102473497
mc032,occupation_bankers,82.3321554770318
mc032,occupation_bus_drivers,81.75438596491227
mc032,occupation_cleaners,80.35087719298247
mc032,occupation_doctors,81.13879003558719
mc032,occupation_farmers,80.35087719298247
mc032,occupation_journalists,79.2982456140351
mc032,occupation_nurses,80.1418439716312
mc032,occupation_office_workers,82.62411347517731
mc032,occupation_prime_ministers,81.40350877192982
mc032,occupation_shopkeepers,81.75438596491227
mc032,occupation_teachers,83.85964912280703
mc032,occupation_truck_drivers,81.33802816901408
mc032,oneshot_v_as_a_statistician,85.96491228070175
mc032,v_as_a_governmental_info_campaign,81.40350877192982
mc032,v_as_a_high_school_teacher,84.21052631578947
mc032,v_as_a_museum_poster,78.59649122807018
mc032,v_as_a_news_reporter,82.04225352112677
mc032,v_as_a_news_title,79.64912280701755
mc032,v_as_a_political_speach,82.10526315789474
mc032,v_as_a_professor,81.40350877192982
mc032,v_as_a_recepie,82.80701754385966
mc032,v_as_a_science_exhibition,79.64912280701755
mc032,v_as_a_social_media_post,83.09859154929578
mc032,v_as_a_social_sciense_textbook,82.10526315789474
mc032,v_as_a_statistician,81.05263157894737
mc032,v_as_a_talkshow,82.80701754385966
mc032,v_as_an_activist,79.64912280701755
mc032,v_as_an_awareness_campaign,83.09859154929578
mc032,v_cant_believe_it,84.45229681978799
mc032,v_child,80.98591549295774
mc032,v_contrafactual,85.56338028169014
mc032,v_convince_friend,82.80701754385966
mc032,v_deduction_four_steps,78.94736842105263
mc032,v_deduction_three_steps,79.2982456140351
mc032,v_deduction_two_steps,79.2982456140351
mc032,v_detailed,88.38028169014085
mc032,v_economic_reality,82.74647887323944
mc032,v_emotions,78.59649122807018
mc032,v_exact_then_abc,77.54385964912281
mc032,v_help_me_guess,80.63380281690141
mc032,v_intuition,82.80701754385966
mc032,v_math,80.85106382978722
mc032,v_media_distortion,81.40350877192982
mc032,v_most_are_wrong_why,85.6140350877193
mc032,v_nobody_knows,74.73684210526315
mc032,v_opinon,82.45614035087719
mc032,v_pick_most_correct,82.45614035087719
mc032,v_political_reality,83.09859154929578
mc032,v_reason_statistically,81.20567375886525
mc032,v_reasoning,77.54385964912281
mc032,v_sensetive,79.64912280701755
mc032,v_short,75.43859649122807
mc032,v_simplest_explanation,82.62411347517731
mc032,v_socioeconomic_reality,79.64912280701755
mc032,v_think_most_answer,82.80701754385966
mc032,v_truth,85.05338078291815
mc032,v_who_explain,88.38028169014085
mc032,v_with_academic_terms,87.01754385964912
mc032,v_with_layman_terms,81.40350877192982
mc032,v_without_numbers,76.84210526315789
mc033,class_middle,77.54385964912281
mc033,class_unknown,81.75438596491227
mc033,class_upper,81.05263157894737
mc033,class_working,76.14035087719299
mc033,economy_billionaire,75.78947368421053
mc033,economy_homeless,76.84210526315789
mc033,economy_unknown,83.45070422535211
mc033,film_action,78.94736842105263
mc033,film_comedy,77.54385964912281
mc033,film_horror,77.11267605633803
mc033,film_romantic,79.22535211267606
mc033,gender_man,80.0
mc033,gender_unknown,78.64768683274022
mc033,gender_woman,78.21428571428571
mc033,geo_africa,78.94736842105263
mc033,geo_asia,81.05263157894737
mc033,geo_brazil,80.63380281690141
mc033,geo_china,81.05263157894737
mc033,geo_europe,81.40350877192982
mc033,geo_india,80.0
mc033,geo_lat_america,78.94736842105263
mc033,geo_nigeria,82.10526315789474
mc033,geo_russia,80.7017543859649
mc033,geo_soviet,80.98591549295774
mc033,geo_unknown,81.97879858657244
mc033,geo_usa,77.89473684210526
mc033,ideology_capitalist,85.09803921568627
mc033,ideology_communist,86.19246861924687
mc033,ideology_environmentalist,83.56164383561644
mc033,ideology_liberterian,83.45070422535211
mc033,ideology_marxist,84.18604651162791
mc033,ideology_neoliberal,87.79527559055119
mc033,ideology_neutral,82.10526315789474
mc033,ideology_racist,83.33333333333334
mc033,ideology_socialist,83.9080459770115
mc033,iq_high,78.4452296819788
mc033,iq_low,75.61837455830388
mc033,mental_adhd,72.63157894736842
mc033,mental_depression,79.2982456140351
mc033,music_classical,78.94736842105263
mc033,music_country,76.49122807017544
mc033,music_hiphop,75.43859649122807
mc033,music_pop,80.35087719298247
mc033,music_techno,76.14035087719299
mc033,neutral_tone,81.05263157894737
mc033,no_option_letter,84.45229681978799
mc033,occupation_authors,83.74558303886926
mc033,occupation_bakers,80.64516129032258
mc033,occupation_bankers,80.63380281690141
mc033,occupation_bus_drivers,80.71428571428572
mc033,occupation_cleaners,79.2982456140351
mc033,occupation_doctors,81.20567375886525
mc033,occupation_farmers,82.91814946619218
mc033,occupation_journalists,81.56028368794325
mc033,occupation_nurses,80.49645390070921
mc033,occupation_office_workers,79.21146953405018
mc033,occupation_prime_ministers,75.78947368421053
mc033,occupation_shopkeepers,77.06093189964157
mc033,occupation_teachers,78.79858657243817
mc033,occupation_truck_drivers,80.1418439716312
mc033,oneshot_v_as_a_statistician,86.31578947368422
mc033,v_as_a_governmental_info_campaign,81.05263157894737
mc033,v_as_a_high_school_teacher,81.75438596491227
mc033,v_as_a_museum_poster,80.35087719298247
mc033,v_as_a_news_reporter,84.91228070175438
mc033,v_as_a_news_title,85.15901060070671
mc033,v_as_a_political_speach,82.45614035087719
mc033,v_as_a_professor,83.15789473684211
mc033,v_as_a_recepie,84.45229681978799
mc033,v_as_a_science_exhibition,74.73684210526315
mc033,v_as_a_social_media_post,86.26760563380282
mc033,v_as_a_social_sciense_textbook,81.75438596491227
mc033,v_as_a_statistician,82.45614035087719
mc033,v_as_a_talkshow,77.89473684210526
mc033,v_as_an_activist,80.98591549295774
mc033,v_as_an_awareness_campaign,81.69014084507043
mc033,v_cant_believe_it,79.2982456140351
mc033,v_child,78.72340425531915
mc033,v_contrafactual,84.50704225352112
mc033,v_convince_friend,82.45614035087719
mc033,v_deduction_four_steps,69.82456140350877
mc033,v_deduction_three_steps,73.33333333333333
mc033,v_deduction_two_steps,72.63157894736842
mc033,v_detailed,81.07142857142857
mc033,v_economic_reality,78.52112676056338
mc033,v_emotions,74.73684210526315
mc033,v_exact_then_abc,69.47368421052632
mc033,v_help_me_guess,49.645390070921984
mc033,v_intuition,77.19298245614034
mc033,v_math,77.7327935222672
mc033,v_media_distortion,77.58007117437722
mc033,v_most_are_wrong_why,84.56140350877193
mc033,v_nobody_knows,73.33333333333333
mc033,v_opinon,81.69014084507043
mc033,v_pick_most_correct,75.17985611510791
mc033,v_political_reality,84.21052631578947
mc033,v_reason_statistically,70.0
mc033,v_reasoning,72.28070175438597
mc033,v_sensetive,79.56204379562044
mc033,v_short,62.4561403508772
mc033,v_simplest_explanation,81.71206225680933
mc033,v_socioeconomic_reality,74.3859649122807
mc033,v_think_most_answer,81.75438596491227
mc033,v_truth,85.0909090909091
mc033,v_who_explain,78.57142857142857
mc033,v_with_academic_terms,82.3943661971831
mc033,v_with_layman_terms,83.09859154929578
mc033,v_without_numbers,64.21052631578948
mc034,class_middle,74.64788732394366
mc034,class_unknown,74.44444444444444
mc034,class_upper,72.53521126760563
mc034,class_working,74.822695035461
mc034,economy_billionaire,71.12676056338029
mc034,economy_homeless,73.33333333333333
mc034,economy_unknown,71.21771217712177
mc034,film_action,73.57142857142858
mc034,film_comedy,75.177304964539
mc034,film_horror,71.78571428571429
mc034,film_romantic,74.11347517730496
mc034,gender_man,73.81818181818181
mc034,gender_unknown,71.58273381294964
mc034,gender_woman,70.50359712230215
mc034,geo_africa,71.27659574468085
mc034,geo_asia,75.26501766784452
mc034,geo_brazil,74.11347517730496
mc034,geo_china,77.5
mc034,geo_europe,75.97173144876325
mc034,geo_india,77.03180212014135
mc034,geo_lat_america,74.28571428571429
mc034,geo_nigeria,74.19354838709677
mc034,geo_russia,77.58007117437722
mc034,geo_soviet,71.73144876325088
mc034,geo_unknown,75.09293680297398
mc034,geo_usa,76.95035460992908
mc034,ideology_capitalist,75.35211267605634
mc034,ideology_communist,77.46478873239437
mc034,ideology_environmentalist,76.59574468085107
mc034,ideology_liberterian,75.44483985765125
mc034,ideology_marxist,74.45255474452554
mc034,ideology_neoliberal,77.46478873239437
mc034,ideology_neutral,76.75276752767527
mc034,ideology_racist,78.77697841726618
mc034,ideology_socialist,78.09187279151944
mc034,iq_high,72.08480565371025
mc034,iq_low,71.07142857142857
mc034,mental_adhd,71.27659574468085
mc034,mental_depression,74.91039426523297
mc034,music_classical,69.71830985915493
mc034,music_country,71.88612099644128
mc034,music_hiphop,74.46808510638297
mc034,music_pop,73.14487632508833
mc034,music_techno,72.3404255319149
mc034,neutral_tone,75.95419847328245
mc034,no_option_letter,71.73144876325088
mc034,occupation_authors,72.0
mc034,occupation_bakers,71.37681159420289
mc034,occupation_bankers,74.10071942446042
mc034,occupation_bus_drivers,69.03914590747331
mc034,occupation_cleaners,76.07142857142857
mc034,occupation_doctors,69.06474820143885
mc034,occupation_farmers,71.53024911032028
mc034,occupation_journalists,68.45878136200717
mc034,occupation_nurses,69.8581560283688
mc034,occupation_office_workers,71.73144876325088
mc034,occupation_prime_ministers,75.35211267605634
mc034,occupation_shopkeepers,72.1830985915493
mc034,occupation_teachers,70.8185053380783
mc034,occupation_truck_drivers,70.6713780918728
mc034,oneshot_v_as_a_statistician,71.37809187279152
mc034,v_as_a_governmental_info_campaign,72.53521126760563
mc034,v_as_a_high_school_teacher,73.92857142857143
mc034,v_as_a_museum_poster,66.90391459074732
mc034,v_as_a_news_reporter,70.87719298245614
mc034,v_as_a_news_title,72.53521126760563
mc034,v_as_a_political_speach,70.77464788732394
mc034,v_as_a_professor,76.40845070422534
mc034,v_as_a_recepie,70.14388489208633
mc034,v_as_a_science_exhibition,70.2127659574468
mc034,v_as_a_social_media_post,73.33333333333333
mc034,v_as_a_social_sciense_textbook,78.21428571428571
mc034,v_as_a_statistician,75.0
mc034,v_as_a_talkshow,72.79151943462897
mc034,v_as_an_activist,69.50354609929079
mc034,v_as_an_awareness_campaign,73.40425531914893
mc034,v_cant_believe_it,77.6595744680851
mc034,v_child,78.27715355805243
mc034,v_contrafactual,75.61837455830388
mc034,v_convince_friend,81.29496402877699
mc034,v_deduction_four_steps,65.96491228070175
mc034,v_deduction_three_steps,65.96491228070175
mc034,v_deduction_two_steps,66.3157894736842
mc034,v_detailed,76.64233576642336
mc034,v_economic_reality,65.6140350877193
mc034,v_emotions,67.01754385964912
mc034,v_exact_then_abc,45.96491228070175
mc034,v_help_me_guess,68.77192982456141
mc034,v_intuition,70.17543859649122
mc034,v_math,71.17437722419929
mc034,v_media_distortion,74.3859649122807
mc034,v_most_are_wrong_why,78.94736842105263
mc034,v_nobody_knows,43.15789473684211
mc034,v_opinon,77.73851590106007
mc034,v_pick_most_correct,70.87719298245614
mc034,v_political_reality,76.14035087719299
mc034,v_reason_statistically,65.94202898550725
mc034,v_reasoning,66.54929577464789
mc034,v_sensetive,69.36619718309859
mc034,v_short,65.01766784452296
mc034,v_simplest_explanation,76.07142857142857
mc034,v_socioeconomic_reality,66.3157894736842
mc034,v_think_most_answer,79.43262411347519
mc034,v_truth,75.27272727272727
mc034,v_who_explain,73.81818181818181
mc034,v_with_academic_terms,71.12676056338029
mc034,v_with_layman_terms,72.98245614035088
mc034,v_without_numbers,71.02473498233216
mc035,class_middle,66.66666666666666
mc035,class_unknown,67.05426356589147
mc035,class_upper,65.6140350877193
mc035,class_working,62.89752650176679
mc035,economy_billionaire,66.90140845070422
mc035,economy_homeless,60.7773851590106
mc035,economy_unknown,64.59143968871595
mc035,film_action,66.3157894736842
mc035,film_comedy,64.91228070175438
mc035,film_horror,66.19718309859155
mc035,film_romantic,63.829787234042556
mc035,gender_man,60.7773851590106
mc035,gender_unknown,62.18487394957983
mc035,gender_woman,59.50704225352113
mc035,geo_africa,61.130742049469966
mc035,geo_asia,64.56140350877193
mc035,geo_brazil,64.18439716312056
mc035,geo_china,66.3157894736842
mc035,geo_europe,66.31205673758865
mc035,geo_india,63.957597173144876
mc035,geo_lat_america,65.01766784452296
mc035,geo_nigeria,61.97183098591549
mc035,geo_russia,68.30985915492957
mc035,geo_soviet,65.49295774647888
mc035,geo_unknown,68.24034334763948
mc035,geo_usa,67.49116607773851
mc035,ideology_capitalist,70.86330935251799
mc035,ideology_communist,69.17562724014337
mc035,ideology_environmentalist,74.73309608540926
mc035,ideology_liberterian,69.28838951310861
mc035,ideology_marxist,66.42857142857143
mc035,ideology_neoliberal,68.55123674911661
mc035,ideology_neutral,66.23376623376623
mc035,ideology_racist,71.16788321167883
mc035,ideology_socialist,70.0
mc035,iq_high,69.20289855072464
mc035,iq_low,60.14234875444839
mc035,mental_adhd,60.854092526690394
mc035,mental_depression,68.08510638297872
mc035,music_classical,65.37102473498233
mc035,music_country,60.0
mc035,music_hiphop,64.08450704225352
mc035,music_pop,63.732394366197184
mc035,music_techno,63.38028169014085
mc035,neutral_tone,66.94915254237289
mc035,no_option_letter,74.24242424242425
mc035,occupation_authors,61.61971830985915
mc035,occupation_bakers,54.736842105263165
mc035,occupation_bankers,63.25088339222616
mc035,occupation_bus_drivers,58.45070422535211
mc035,occupation_cleaners,61.172161172161175
mc035,occupation_doctors,62.8158844765343
mc035,occupation_farmers,59.01060070671378
mc035,occupation_journalists,56.98924731182796
mc035,occupation_nurses,61.15107913669065
mc035,occupation_office_workers,62.056737588652474
mc035,occupation_prime_ministers,64.43661971830986
mc035,occupation_shopkeepers,62.76595744680851
mc035,occupation_teachers,62.76595744680851
mc035,occupation_truck_drivers,58.303886925795055
mc035,oneshot_v_as_a_statistician,73.55072463768117
mc035,v_as_a_governmental_info_campaign,67.6056338028169
mc035,v_as_a_high_school_teacher,60.67415730337079
mc035,v_as_a_museum_poster,61.92170818505338
mc035,v_as_a_news_reporter,55.88235294117647
mc035,v_as_a_news_title,67.95774647887323
mc035,v_as_a_political_speach,69.25795053003534
mc035,v_as_a_professor,73.76425855513308
mc035,v_as_a_recepie,62.28813559322034
mc035,v_as_a_science_exhibition,62.45353159851301
mc035,v_as_a_social_media_post,70.09345794392523
mc035,v_as_a_social_sciense_textbook,76.02996254681648
mc035,v_as_a_statistician,66.66666666666666
mc035,v_as_a_talkshow,59.50704225352113
mc035,v_as_an_activist,65.14084507042254
mc035,v_as_an_awareness_campaign,71.01449275362319
mc035,v_cant_believe_it,74.6268656716418
mc035,v_child,68.6046511627907
mc035,v_contrafactual,73.6
mc035,v_convince_friend,77.51004016064257
mc035,v_deduction_four_steps,60.72727272727273
mc035,v_deduction_three_steps,64.28571428571429
mc035,v_deduction_two_steps,59.19117647058824
mc035,v_detailed,70.54263565891473
mc035,v_economic_reality,55.673758865248224
mc035,v_emotions,56.690140845070424
mc035,v_exact_then_abc,43.16546762589928
mc035,v_help_me_guess,66.05839416058394
mc035,v_intuition,61.97183098591549
mc035,v_math,69.65811965811966
mc035,v_media_distortion,71.81467181467181
mc035,v_most_are_wrong_why,75.08896797153025
mc035,v_nobody_knows,57.03971119133574
mc035,v_opinon,69.68503937007874
mc035,v_pick_most_correct,62.30769230769231
mc035,v_political_reality,71.63636363636363
mc035,v_reason_statistically,67.14975845410628
mc035,v_reasoning,66.79245283018868
mc035,v_sensetive,63.6
mc035,v_short,69.03914590747331
mc035,v_simplest_explanation,68.58407079646017
mc035,v_socioeconomic_reality,64.21052631578948
mc035,v_think_most_answer,74.23076923076923
mc035,v_truth,71.25506072874494
mc035,v_who_explain,70.85201793721974
mc035,v_with_academic_terms,69.31818181818183
mc035,v_with_layman_terms,66.19217081850533
mc035,v_without_numbers,61.130742049469966
mc036,class_middle,84.48275862068965
mc036,class_unknown,83.79310344827586
mc036,class_upper,85.51724137931035
mc036,class_working,84.13793103448276
mc036,economy_billionaire,86.55172413793103
mc036,economy_homeless,84.13793103448276
mc036,economy_unknown,82.06896551724138
mc036,film_action,84.08304498269896
mc036,film_comedy,82.75862068965517
mc036,film_horror,83.10344827586206
mc036,film_romantic,82.06896551724138
mc036,gender_man,83.79310344827586
mc036,gender_unknown,82.75862068965517
mc036,gender_woman,84.08304498269896
mc036,geo_africa,84.13793103448276
mc036,geo_asia,84.48275862068965
mc036,geo_brazil,85.51724137931035
mc036,geo_china,85.86206896551725
mc036,geo_europe,84.82758620689656
mc036,geo_india,84.48275862068965
mc036,geo_lat_america,85.12110726643598
mc036,geo_nigeria,84.82758620689656
mc036,geo_russia,84.13793103448276
mc036,geo_soviet,85.86206896551725
mc036,geo_unknown,85.12110726643598
mc036,geo_usa,86.89655172413792
mc036,ideology_capitalist,82.06896551724138
mc036,ideology_communist,82.41379310344827
mc036,ideology_environmentalist,80.6896551724138
mc036,ideology_liberterian,82.06896551724138
mc036,ideology_marxist,81.31487889273356
mc036,ideology_neoliberal,84.48275862068965
mc036,ideology_neutral,85.46712802768167
mc036,ideology_racist,83.10344827586206
mc036,ideology_socialist,82.41379310344827
mc036,iq_high,83.79310344827586
mc036,iq_low,83.10344827586206
mc036,mental_adhd,85.51724137931035
mc036,mental_depression,87.24137931034483
mc036,music_classical,81.72413793103448
mc036,music_country,83.79310344827586
mc036,music_hiphop,83.79310344827586
mc036,music_pop,82.06896551724138
mc036,music_techno,83.10344827586206
mc036,neutral_tone,83.44827586206897
mc036,no_option_letter,87.19723183391004
mc036,occupation_authors,84.96503496503497
mc036,occupation_bakers,81.34328358208955
mc036,occupation_bankers,81.43939393939394
mc036,occupation_bus_drivers,82.3076923076923
mc036,occupation_cleaners,81.37931034482759
mc036,occupation_doctors,82.41758241758241
mc036,occupation_farmers,84.19117647058823
mc036,occupation_journalists,78.62318840579711
mc036,occupation_nurses,81.54981549815497
mc036,occupation_office_workers,80.66914498141264
mc036,occupation_prime_ministers,83.79310344827586
mc036,occupation_shopkeepers,80.46875
mc036,occupation_teachers,84.9624060150376
mc036,occupation_truck_drivers,80.68181818181817
mc036,oneshot_v_as_a_statistician,85.86206896551725
mc036,v_as_a_governmental_info_campaign,85.51724137931035
mc036,v_as_a_high_school_teacher,85.12110726643598
mc036,v_as_a_museum_poster,82.41379310344827
mc036,v_as_a_news_reporter,85.17241379310346
mc036,v_as_a_news_title,85.17241379310346
mc036,v_as_a_political_speach,84.82758620689656
mc036,v_as_a_professor,84.42906574394463
mc036,v_as_a_recepie,85.51724137931035
mc036,v_as_a_science_exhibition,81.59722222222221
mc036,v_as_a_social_media_post,85.46712802768167
mc036,v_as_a_social_sciense_textbook,84.82758620689656
mc036,v_as_a_statistician,80.76923076923077
mc036,v_as_a_talkshow,78.96551724137932
mc036,v_as_an_activist,82.41379310344827
mc036,v_as_an_awareness_campaign,85.46712802768167
mc036,v_cant_believe_it,88.88888888888889
mc036,v_child,84.72222222222221
mc036,v_contrafactual,84.82758620689656
mc036,v_convince_friend,85.17241379310346
mc036,v_deduction_four_steps,83.79310344827586
mc036,v_deduction_three_steps,81.03448275862068
mc036,v_deduction_two_steps,81.72413793103448
mc036,v_detailed,88.92733564013841
mc036,v_economic_reality,83.39100346020761
mc036,v_emotions,78.27586206896552
mc036,v_exact_then_abc,75.17241379310344
mc036,v_help_me_guess,84.77508650519032
mc036,v_intuition,82.75862068965517
mc036,v_math,84.66898954703834
mc036,v_media_distortion,82.06896551724138
mc036,v_most_are_wrong_why,85.41666666666666
mc036,v_nobody_knows,74.82758620689656
mc036,v_opinon,86.11111111111111
mc036,v_pick_most_correct,82.75862068965517
mc036,v_political_reality,83.04498269896193
mc036,v_reason_statistically,84.49612403100775
mc036,v_reasoning,83.04498269896193
mc036,v_sensetive,83.44827586206897
mc036,v_short,79.65517241379311
mc036,v_simplest_explanation,87.88927335640139
mc036,v_socioeconomic_reality,82.75862068965517
mc036,v_think_most_answer,85.86206896551725
mc036,v_truth,88.69257950530034
mc036,v_who_explain,85.81314878892734
mc036,v_with_academic_terms,87.5432525951557
mc036,v_with_layman_terms,84.82758620689656
mc036,v_without_numbers,77.58620689655173
mc037,class_middle,85.86206896551725
mc037,class_unknown,83.10344827586206
mc037,class_upper,85.17241379310346
mc037,class_working,85.86206896551725
mc037,economy_billionaire,85.17241379310346
mc037,economy_homeless,82.75862068965517
mc037,economy_unknown,84.13793103448276
mc037,film_action,85.86206896551725
mc037,film_comedy,83.10344827586206
mc037,film_horror,81.72413793103448
mc037,film_romantic,82.41379310344827
mc037,gender_man,85.06944444444444
mc037,gender_unknown,85.51724137931035
mc037,gender_woman,81.03448275862068
mc037,geo_africa,85.86206896551725
mc037,geo_asia,85.17241379310346
mc037,geo_brazil,85.17241379310346
mc037,geo_china,84.13793103448276
mc037,geo_europe,86.20689655172413
mc037,geo_india,86.55172413793103
mc037,geo_lat_america,86.20689655172413
mc037,geo_nigeria,85.86206896551725
mc037,geo_russia,85.51724137931035
mc037,geo_soviet,85.86206896551725
mc037,geo_unknown,82.41379310344827
mc037,geo_usa,86.55172413793103
mc037,ideology_capitalist,81.25
mc037,ideology_communist,82.86713286713287
mc037,ideology_environmentalist,83.10344827586206
mc037,ideology_liberterian,83.44827586206897
mc037,ideology_marxist,82.35294117647058
mc037,ideology_neoliberal,82.75862068965517
mc037,ideology_neutral,83.44827586206897
mc037,ideology_racist,100.0
mc037,ideology_socialist,83.27526132404182
mc037,iq_high,85.51724137931035
mc037,iq_low,85.17241379310346
mc037,mental_adhd,83.79310344827586
mc037,mental_depression,85.86206896551725
mc037,music_classical,80.6896551724138
mc037,music_country,81.72413793103448
mc037,music_hiphop,84.48275862068965
mc037,music_pop,80.3448275862069
mc037,music_techno,81.37931034482759
mc037,neutral_tone,82.41379310344827
mc037,no_option_letter,89.7887323943662
mc037,occupation_authors,83.68055555555556
mc037,occupation_bakers,87.45644599303137
mc037,occupation_bankers,89.19860627177701
mc037,occupation_bus_drivers,83.10344827586206
mc037,occupation_cleaners,81.03448275862068
mc037,occupation_doctors,88.92733564013841
mc037,occupation_farmers,84.77508650519032
mc037,occupation_journalists,83.39100346020761
mc037,occupation_nurses,84.375
mc037,occupation_office_workers,83.39100346020761
mc037,occupation_prime_ministers,83.10344827586206
mc037,occupation_shopkeepers,86.7595818815331
mc037,occupation_teachers,82.06896551724138
mc037,occupation_truck_drivers,82.63888888888889
mc037,oneshot_v_as_a_statistician,91.0344827586207
mc037,v_as_a_governmental_info_campaign,81.37931034482759
mc037,v_as_a_high_school_teacher,80.3448275862069
mc037,v_as_a_museum_poster,80.0
mc037,v_as_a_news_reporter,88.88888888888889
mc037,v_as_a_news_title,88.46153846153845
mc037,v_as_a_political_speach,89.89547038327527
mc037,v_as_a_professor,80.6896551724138
mc037,v_as_a_recepie,86.11111111111111
mc037,v_as_a_science_exhibition,73.44827586206897
mc037,v_as_a_social_media_post,88.23529411764706
mc037,v_as_a_social_sciense_textbook,83.79310344827586
mc037,v_as_a_statistician,80.3448275862069
mc037,v_as_a_talkshow,81.31487889273356
mc037,v_as_an_activist,81.03448275862068
mc037,v_as_an_awareness_campaign,87.93103448275862
mc037,v_cant_believe_it,81.31487889273356
mc037,v_child,80.3448275862069
mc037,v_contrafactual,83.44827586206897
mc037,v_convince_friend,83.10344827586206
mc037,v_deduction_four_steps,72.75862068965517
mc037,v_deduction_three_steps,73.79310344827587
mc037,v_deduction_two_steps,74.48275862068967
mc037,v_detailed,80.96885813148789
mc037,v_economic_reality,75.86206896551724
mc037,v_emotions,66.55172413793103
mc037,v_exact_then_abc,60.689655172413794
mc037,v_help_me_guess,67.24137931034483
mc037,v_intuition,77.58620689655173
mc037,v_math,78.125
mc037,v_media_distortion,79.09407665505228
mc037,v_most_are_wrong_why,87.58620689655172
mc037,v_nobody_knows,71.37931034482759
mc037,v_opinon,79.58477508650519
mc037,v_pick_most_correct,83.44827586206897
mc037,v_political_reality,81.72413793103448
mc037,v_reason_statistically,69.14893617021278
mc037,v_reasoning,85.17241379310346
mc037,v_sensetive,83.39100346020761
mc037,v_short,73.79310344827587
mc037,v_simplest_explanation,82.00692041522491
mc037,v_socioeconomic_reality,74.13793103448276
mc037,v_think_most_answer,82.75862068965517
mc037,v_truth,83.27402135231317
mc037,v_who_explain,80.6896551724138
mc037,v_with_academic_terms,84.77508650519032
mc037,v_with_layman_terms,82.35294117647058
mc037,v_without_numbers,82.41379310344827
mc038,class_middle,76.47058823529412
mc038,class_unknown,75.77854671280276
mc038,class_upper,76.20689655172413
mc038,class_working,80.13937282229965
mc038,economy_billionaire,77.08333333333334
mc038,economy_homeless,74.65277777777779
mc038,economy_unknown,75.17241379310344
mc038,film_action,77.16262975778547
mc038,film_comedy,74.30555555555556
mc038,film_horror,72.75862068965517
mc038,film_romantic,76.12456747404845
mc038,gender_man,77.35191637630662
mc038,gender_unknown,75.17482517482517
mc038,gender_woman,75.4325259515571
mc038,geo_africa,75.77854671280276
mc038,geo_asia,77.70034843205575
mc038,geo_brazil,74.74048442906575
mc038,geo_china,75.0
mc038,geo_europe,77.50865051903114
mc038,geo_india,76.8166089965398
mc038,geo_lat_america,76.73611111111111
mc038,geo_nigeria,73.61111111111111
mc038,geo_russia,76.47058823529412
mc038,geo_soviet,76.47058823529412
mc038,geo_unknown,77.77777777777779
mc038,geo_usa,77.85467128027682
mc038,ideology_capitalist,77.08333333333334
mc038,ideology_communist,77.58620689655173
mc038,ideology_environmentalist,78.54671280276817
mc038,ideology_liberterian,76.47058823529412
mc038,ideology_marxist,77.97202797202797
mc038,ideology_neoliberal,78.74564459930313
mc038,ideology_neutral,81.18466898954703
mc038,ideology_racist,76.14035087719299
mc038,ideology_socialist,77.85467128027682
mc038,iq_high,77.27272727272727
mc038,iq_low,75.08650519031141
mc038,mental_adhd,74.30555555555556
mc038,mental_depression,74.21602787456446
mc038,music_classical,72.56944444444444
mc038,music_country,74.82758620689656
mc038,music_hiphop,78.47222222222221
mc038,music_pop,75.51724137931033
mc038,music_techno,71.97231833910035
mc038,neutral_tone,80.13937282229965
mc038,no_option_letter,84.33734939759037
mc038,occupation_authors,77.77777777777779
mc038,occupation_bakers,77.19298245614034
mc038,occupation_bankers,80.56537102473497
mc038,occupation_bus_drivers,78.79858657243817
mc038,occupation_cleaners,71.32867132867133
mc038,occupation_doctors,76.92307692307693
mc038,occupation_farmers,78.24561403508771
mc038,occupation_journalists,78.36879432624113
mc038,occupation_nurses,77.85467128027682
mc038,occupation_office_workers,79.15194346289752
mc038,occupation_prime_ministers,72.82229965156795
mc038,occupation_shopkeepers,78.36879432624113
mc038,occupation_teachers,76.73611111111111
mc038,occupation_truck_drivers,78.24561403508771
mc038,oneshot_v_as_a_statistician,80.27681660899654
mc038,v_as_a_governmental_info_campaign,77.85467128027682
mc038,v_as_a_high_school_teacher,79.3103448275862
mc038,v_as_a_museum_poster,69.17562724014337
mc038,v_as_a_news_reporter,77.24137931034483
mc038,v_as_a_news_title,79.5774647887324
mc038,v_as_a_political_speach,79.72027972027972
mc038,v_as_a_professor,76.47058823529412
mc038,v_as_a_recepie,80.21201413427562
mc038,v_as_a_science_exhibition,75.45787545787546
mc038,v_as_a_social_media_post,79.7872340425532
mc038,v_as_a_social_sciense_textbook,81.78571428571428
mc038,v_as_a_statistician,74.82758620689656
mc038,v_as_a_talkshow,76.8166089965398
mc038,v_as_an_activist,78.397212543554
mc038,v_as_an_awareness_campaign,78.96551724137932
mc038,v_cant_believe_it,79.50530035335689
mc038,v_child,77.22419928825623
mc038,v_contrafactual,82.01438848920863
mc038,v_convince_friend,83.21428571428572
mc038,v_deduction_four_steps,66.55172413793103
mc038,v_deduction_three_steps,68.62068965517241
mc038,v_deduction_two_steps,69.3103448275862
mc038,v_detailed,79.92957746478874
mc038,v_economic_reality,69.3103448275862
mc038,v_emotions,70.0
mc038,v_exact_then_abc,66.08996539792388
mc038,v_help_me_guess,71.72413793103448
mc038,v_intuition,73.44827586206897
mc038,v_math,72.82229965156795
mc038,v_media_distortion,74.48275862068967
mc038,v_most_are_wrong_why,80.6896551724138
mc038,v_nobody_knows,54.137931034482754
mc038,v_opinon,76.89655172413794
mc038,v_pick_most_correct,75.86206896551724
mc038,v_political_reality,77.58620689655173
mc038,v_reason_statistically,68.59205776173285
mc038,v_reasoning,73.01038062283737
mc038,v_sensetive,81.8815331010453
mc038,v_short,67.47404844290658
mc038,v_simplest_explanation,80.0711743772242
mc038,v_socioeconomic_reality,69.20415224913495
mc038,v_think_most_answer,81.37931034482759
mc038,v_truth,79.37062937062937
mc038,v_who_explain,77.6595744680851
mc038,v_with_academic_terms,80.48780487804879
mc038,v_with_layman_terms,78.59649122807018
mc038,v_without_numbers,71.42857142857143
mc039,class_middle,76.54986522911051
mc039,class_unknown,75.67567567567568
mc039,class_upper,78.64864864864865
mc039,class_working,76.54986522911051
mc039,economy_billionaire,78.97574123989219
mc039,economy_homeless,78.16711590296495
mc039,economy_unknown,78.4366576819407
mc039,film_action,74.12398921832884
mc039,film_comedy,73.8544474393531
mc039,film_horror,76.01078167115904
mc039,film_romantic,77.62803234501348
mc039,gender_man,74.12398921832884
mc039,gender_unknown,77.62803234501348
mc039,gender_woman,76.54986522911051
mc039,geo_africa,76.28032345013477
mc039,geo_asia,75.81521739130434
mc039,geo_brazil,76.81940700808624
mc039,geo_china,77.62803234501348
mc039,geo_europe,76.28032345013477
mc039,geo_india,77.088948787062
mc039,geo_lat_america,77.62803234501348
mc039,geo_nigeria,75.47169811320755
mc039,geo_russia,76.81940700808624
mc039,geo_soviet,79.78436657681941
mc039,geo_unknown,76.54986522911051
mc039,geo_usa,77.35849056603774
mc039,ideology_capitalist,75.74123989218329
mc039,ideology_communist,75.2021563342318
mc039,ideology_environmentalist,78.4366576819407
mc039,ideology_liberterian,77.62803234501348
mc039,ideology_marxist,76.01078167115904
mc039,ideology_neoliberal,76.54986522911051
mc039,ideology_neutral,79.24528301886792
mc039,ideology_racist,77.62803234501348
mc039,ideology_socialist,76.01078167115904
mc039,iq_high,80.59299191374663
mc039,iq_low,75.47169811320755
mc039,mental_adhd,71.42857142857143
mc039,mental_depression,74.93261455525607
mc039,music_classical,75.74123989218329
mc039,music_country,77.088948787062
mc039,music_hiphop,75.74123989218329
mc039,music_pop,76.54986522911051
mc039,music_techno,76.28032345013477
mc039,neutral_tone,77.62803234501348
mc039,no_option_letter,83.93351800554017
mc039,occupation_authors,77.088948787062
mc039,occupation_bakers,76.75675675675676
mc039,occupation_bankers,76.81940700808624
mc039,occupation_bus_drivers,75.47169811320755
mc039,occupation_cleaners,74.93261455525607
mc039,occupation_doctors,74.86486486486487
mc039,occupation_farmers,75.47169811320755
mc039,occupation_journalists,74.86486486486487
mc039,occupation_nurses,75.13513513513513
mc039,occupation_office_workers,77.83783783783784
mc039,occupation_prime_ministers,77.62803234501348
mc039,occupation_shopkeepers,76.15176151761518
mc039,occupation_teachers,75.4054054054054
mc039,occupation_truck_drivers,75.54347826086956
mc039,oneshot_v_as_a_statistician,81.40161725067385
mc039,v_as_a_governmental_info_campaign,76.81940700808624
mc039,v_as_a_high_school_teacher,77.89757412398922
mc039,v_as_a_museum_poster,77.62803234501348
mc039,v_as_a_news_reporter,76.81940700808624
mc039,v_as_a_news_title,78.4366576819407
mc039,v_as_a_political_speach,78.70619946091644
mc039,v_as_a_professor,81.13207547169812
mc039,v_as_a_recepie,77.35849056603774
mc039,v_as_a_science_exhibition,77.29729729729729
mc039,v_as_a_social_media_post,80.48780487804879
mc039,v_as_a_social_sciense_textbook,82.97297297297297
mc039,v_as_a_statistician,80.86253369272237
mc039,v_as_a_talkshow,73.04582210242587
mc039,v_as_an_activist,77.088948787062
mc039,v_as_an_awareness_campaign,81.89189189189189
mc039,v_cant_believe_it,82.97297297297297
mc039,v_child,79.83651226158038
mc039,v_contrafactual,78.4366576819407
mc039,v_convince_friend,83.96739130434783
mc039,v_deduction_four_steps,79.1891891891892
mc039,v_deduction_three_steps,80.05390835579514
mc039,v_deduction_two_steps,80.3234501347709
mc039,v_detailed,83.82749326145552
mc039,v_economic_reality,78.4366576819407
mc039,v_emotions,73.8544474393531
mc039,v_exact_then_abc,70.08086253369272
mc039,v_help_me_guess,75.74123989218329
mc039,v_intuition,77.89757412398922
mc039,v_math,81.19891008174388
mc039,v_media_distortion,81.62162162162161
mc039,v_most_are_wrong_why,84.90566037735849
mc039,v_nobody_knows,65.22911051212938
mc039,v_opinon,80.59299191374663
mc039,v_pick_most_correct,79.51482479784366
mc039,v_political_reality,83.78378378378379
mc039,v_reason_statistically,72.05479452054794
mc039,v_reasoning,73.71273712737127
mc039,v_sensetive,78.16711590296495
mc039,v_short,76.54986522911051
mc039,v_simplest_explanation,78.31978319783198
mc039,v_socioeconomic_reality,73.71273712737127
mc039,v_think_most_answer,80.86253369272237
mc039,v_truth,81.5934065934066
mc039,v_who_explain,79.1891891891892
mc039,v_with_academic_terms,80.05390835579514
mc039,v_with_layman_terms,82.74932614555256
mc039,v_without_numbers,80.3234501347709
mc040,class_middle,68.76712328767123
mc040,class_unknown,70.13698630136986
mc040,class_upper,69.86301369863014
mc040,class_working,67.94520547945206
mc040,economy_billionaire,69.23076923076923
mc040,economy_homeless,69.31506849315069
mc040,economy_unknown,70.68493150684931
mc040,film_action,69.5054945054945
mc040,film_comedy,67.94520547945206
mc040,film_horror,65.20547945205479
mc040,film_romantic,66.3013698630137
mc040,gender_man,69.58904109589041
mc040,gender_unknown,71.78082191780823
mc040,gender_woman,68.21917808219177
mc040,geo_africa,64.38356164383562
mc040,geo_asia,70.41095890410959
mc040,geo_brazil,70.41095890410959
mc040,geo_china,71.78082191780823
mc040,geo_europe,70.41095890410959
mc040,geo_india,70.68493150684931
mc040,geo_lat_america,66.57534246575342
mc040,geo_nigeria,67.3972602739726
mc040,geo_russia,70.41095890410959
mc040,geo_soviet,71.42857142857143
mc040,geo_unknown,73.9010989010989
mc040,geo_usa,70.6043956043956
mc040,ideology_capitalist,79.17808219178082
mc040,ideology_communist,74.24657534246575
mc040,ideology_environmentalist,75.34246575342466
mc040,ideology_liberterian,78.9041095890411
mc040,ideology_marxist,76.92307692307693
mc040,ideology_neoliberal,78.9041095890411
mc040,ideology_neutral,73.15068493150685
mc040,ideology_racist,79.72602739726027
mc040,ideology_socialist,75.89041095890411
mc040,iq_high,72.05479452054794
mc040,iq_low,69.04109589041096
mc040,mental_adhd,65.20547945205479
mc040,mental_depression,73.07692307692307
mc040,music_classical,68.4931506849315
mc040,music_country,71.23287671232876
mc040,music_hiphop,69.31506849315069
mc040,music_pop,67.58241758241759
mc040,music_techno,66.3013698630137
mc040,neutral_tone,74.79452054794521
mc040,no_option_letter,72.52747252747253
mc040,occupation_authors,64.93150684931507
mc040,occupation_bakers,62.19178082191781
mc040,occupation_bankers,67.12328767123287
mc040,occupation_bus_drivers,64.65753424657534
mc040,occupation_cleaners,72.32876712328768
mc040,occupation_doctors,64.93150684931507
mc040,occupation_farmers,64.38356164383562
mc040,occupation_journalists,63.013698630136986
mc040,occupation_nurses,64.38356164383562
mc040,occupation_office_workers,67.3972602739726
mc040,occupation_prime_ministers,68.21917808219177
mc040,occupation_shopkeepers,66.84931506849315
mc040,occupation_teachers,64.65753424657534
mc040,occupation_truck_drivers,65.47945205479452
mc040,oneshot_v_as_a_statistician,79.17808219178082
mc040,v_as_a_governmental_info_campaign,76.0989010989011
mc040,v_as_a_high_school_teacher,73.15068493150685
mc040,v_as_a_museum_poster,70.52341597796143
mc040,v_as_a_news_reporter,68.68131868131869
mc040,v_as_a_news_title,73.62637362637363
mc040,v_as_a_political_speach,74.24657534246575
mc040,v_as_a_professor,76.16438356164383
mc040,v_as_a_recepie,73.62637362637363
mc040,v_as_a_science_exhibition,70.13698630136986
mc040,v_as_a_social_media_post,76.58959537572254
mc040,v_as_a_social_sciense_textbook,71.23287671232876
mc040,v_as_a_statistician,68.80222841225627
mc040,v_as_a_talkshow,73.6986301369863
mc040,v_as_an_activist,66.84931506849315
mc040,v_as_an_awareness_campaign,74.72527472527473
mc040,v_cant_believe_it,73.15068493150685
mc040,v_child,72.32876712328768
mc040,v_contrafactual,78.35616438356165
mc040,v_convince_friend,79.72602739726027
mc040,v_deduction_four_steps,66.02739726027397
mc040,v_deduction_three_steps,68.4931506849315
mc040,v_deduction_two_steps,67.12328767123287
mc040,v_detailed,71.42857142857143
mc040,v_economic_reality,67.67123287671232
mc040,v_emotions,64.93150684931507
mc040,v_exact_then_abc,64.38356164383562
mc040,v_help_me_guess,68.59504132231406
mc040,v_intuition,69.58904109589041
mc040,v_math,64.83516483516483
mc040,v_media_distortion,72.87671232876713
mc040,v_most_are_wrong_why,84.65753424657534
mc040,v_nobody_knows,51.78082191780822
mc040,v_opinon,79.72602739726027
mc040,v_pick_most_correct,69.58904109589041
mc040,v_political_reality,74.52054794520548
mc040,v_reason_statistically,65.38461538461539
mc040,v_reasoning,69.23076923076923
mc040,v_sensetive,73.15068493150685
mc040,v_short,56.43835616438356
mc040,v_simplest_explanation,76.71232876712328
mc040,v_socioeconomic_reality,59.726027397260275
mc040,v_think_most_answer,77.53424657534246
mc040,v_truth,76.85950413223141
mc040,v_who_explain,77.26027397260275
mc040,v_with_academic_terms,72.05479452054794
mc040,v_with_layman_terms,74.24657534246575
mc040,v_without_numbers,66.84931506849315
mc041,class_middle,77.47252747252747
mc041,class_unknown,80.54794520547945
mc041,class_upper,76.64835164835165
mc041,class_working,75.34246575342466
mc041,economy_billionaire,77.41046831955923
mc041,economy_homeless,75.89041095890411
mc041,economy_unknown,81.91780821917808
mc041,film_action,75.06849315068493
mc041,film_comedy,74.45054945054946
mc041,film_horror,76.98630136986301
mc041,film_romantic,81.31868131868131
mc041,gender_man,80.27397260273973
mc041,gender_unknown,81.64383561643835
mc041,gender_woman,77.53424657534246
mc041,geo_africa,79.45205479452055
mc041,geo_asia,80.21978021978022
mc041,geo_brazil,81.31868131868131
mc041,geo_china,81.7174515235457
mc041,geo_europe,81.0958904109589
mc041,geo_india,83.79120879120879
mc041,geo_lat_america,80.0
mc041,geo_nigeria,82.36914600550963
mc041,geo_russia,80.99173553719008
mc041,geo_soviet,79.3956043956044
mc041,geo_unknown,82.96703296703298
mc041,geo_usa,81.0958904109589
mc041,ideology_capitalist,82.96703296703298
mc041,ideology_communist,83.79120879120879
mc041,ideology_environmentalist,84.10958904109589
mc041,ideology_liberterian,83.24175824175825
mc041,ideology_marxist,84.89010989010988
mc041,ideology_neoliberal,84.06593406593407
mc041,ideology_neutral,84.38356164383562
mc041,ideology_racist,83.79120879120879
mc041,ideology_socialist,84.06593406593407
mc041,iq_high,81.76795580110497
mc041,iq_low,74.72527472527473
mc041,mental_adhd,72.45179063360881
mc041,mental_depression,78.08219178082192
mc041,music_classical,80.21978021978022
mc041,music_country,81.36986301369863
mc041,music_hiphop,81.36986301369863
mc041,music_pop,81.5934065934066
mc041,music_techno,79.67032967032966
mc041,neutral_tone,83.10249307479224
mc041,no_option_letter,80.95238095238095
mc041,occupation_authors,80.66298342541437
mc041,occupation_bakers,82.36914600550963
mc041,occupation_bankers,82.14285714285714
mc041,occupation_bus_drivers,80.66298342541437
mc041,occupation_cleaners,82.96703296703298
mc041,occupation_doctors,81.86813186813187
mc041,occupation_farmers,84.61538461538461
mc041,occupation_journalists,81.76795580110497
mc041,occupation_nurses,83.19559228650138
mc041,occupation_office_workers,81.7174515235457
mc041,occupation_prime_ministers,80.4945054945055
mc041,occupation_shopkeepers,82.59668508287292
mc041,occupation_teachers,82.59668508287292
mc041,occupation_truck_drivers,81.4404432132964
mc041,oneshot_v_as_a_statistician,83.47107438016529
mc041,v_as_a_governmental_info_campaign,76.94444444444444
mc041,v_as_a_high_school_teacher,83.24175824175825
mc041,v_as_a_museum_poster,79.12087912087912
mc041,v_as_a_news_reporter,81.7174515235457
mc041,v_as_a_news_title,80.21978021978022
mc041,v_as_a_political_speach,74.50980392156863
mc041,v_as_a_professor,84.29752066115702
mc041,v_as_a_recepie,76.37362637362637
mc041,v_as_a_science_exhibition,79.06336088154269
mc041,v_as_a_social_media_post,80.55555555555556
mc041,v_as_a_social_sciense_textbook,84.48753462603878
mc041,v_as_a_statistician,86.0724233983287
mc041,v_as_a_talkshow,78.08219178082192
mc041,v_as_an_activist,77.27272727272727
mc041,v_as_an_awareness_campaign,80.33240997229917
mc041,v_cant_believe_it,82.46575342465754
mc041,v_child,84.61538461538461
mc041,v_contrafactual,84.61538461538461
mc041,v_convince_friend,85.71428571428571
mc041,v_deduction_four_steps,81.91780821917808
mc041,v_deduction_three_steps,81.36986301369863
mc041,v_deduction_two_steps,84.65753424657534
mc041,v_detailed,85.87570621468926
mc041,v_economic_reality,81.36986301369863
mc041,v_emotions,80.82191780821918
mc041,v_exact_then_abc,73.07692307692307
mc041,v_help_me_guess,80.71625344352617
mc041,v_intuition,84.10958904109589
mc041,v_math,82.77777777777777
mc041,v_media_distortion,84.89010989010988
mc041,v_most_are_wrong_why,85.75342465753425
mc041,v_nobody_knows,69.78021978021978
mc041,v_opinon,85.47945205479452
mc041,v_pick_most_correct,78.23691460055096
mc041,v_political_reality,84.10958904109589
mc041,v_reason_statistically,70.73170731707317
mc041,v_reasoning,81.74157303370787
mc041,v_sensetive,78.1767955801105
mc041,v_short,78.72928176795581
mc041,v_simplest_explanation,83.1908831908832
mc041,v_socioeconomic_reality,81.31868131868131
mc041,v_think_most_answer,85.2054794520548
mc041,v_truth,85.41666666666666
mc041,v_who_explain,84.39306358381504
mc041,v_with_academic_terms,80.38674033149171
mc041,v_with_layman_terms,84.48753462603878
mc041,v_without_numbers,84.38356164383562
mc043,class_middle,89.28571428571429
mc043,class_unknown,89.28571428571429
mc043,class_upper,90.38461538461539
mc043,class_working,90.68493150684932
mc043,economy_billionaire,90.68493150684932
mc043,economy_homeless,90.41095890410958
mc043,economy_unknown,89.31506849315069
mc043,film_action,88.21917808219179
mc043,film_comedy,88.21917808219179
mc043,film_horror,87.94520547945206
mc043,film_romantic,87.3972602739726
mc043,gender_man,90.13698630136986
mc043,gender_unknown,90.41095890410958
mc043,gender_woman,90.38461538461539
mc043,geo_africa,88.4931506849315
mc043,geo_asia,89.58904109589041
mc043,geo_brazil,89.28571428571429
mc043,geo_china,89.28571428571429
mc043,geo_europe,89.83516483516483
mc043,geo_india,90.38461538461539
mc043,geo_lat_america,89.56043956043956
mc043,geo_nigeria,89.31506849315069
mc043,geo_russia,88.70523415977961
mc043,geo_soviet,89.58904109589041
mc043,geo_unknown,90.68493150684932
mc043,geo_usa,89.01098901098901
mc043,ideology_capitalist,89.58904109589041
mc043,ideology_communist,89.58904109589041
mc043,ideology_environmentalist,90.68493150684932
mc043,ideology_liberterian,89.58904109589041
mc043,ideology_marxist,91.75824175824175
mc043,ideology_neoliberal,90.65934065934066
mc043,ideology_neutral,90.38461538461539
mc043,ideology_racist,92.20779220779221
mc043,ideology_socialist,89.04109589041096
mc043,iq_high,90.38461538461539
mc043,iq_low,90.13698630136986
mc043,mental_adhd,88.21917808219179
mc043,mental_depression,90.10989010989012
mc043,music_classical,87.94520547945206
mc043,music_country,88.12154696132598
mc043,music_hiphop,87.12328767123287
mc043,music_pop,87.67123287671232
mc043,music_techno,89.04109589041096
mc043,neutral_tone,90.41095890410958
mc043,no_option_letter,92.28650137741047
mc043,occupation_authors,90.13698630136986
mc043,occupation_bakers,88.08864265927978
mc043,occupation_bankers,89.50276243093923
mc043,occupation_bus_drivers,89.01098901098901
mc043,occupation_cleaners,89.83516483516483
mc043,occupation_doctors,89.77900552486187
mc043,occupation_farmers,91.11111111111111
mc043,occupation_journalists,86.84931506849315
mc043,occupation_nurses,87.67123287671232
mc043,occupation_office_workers,87.84530386740332
mc043,occupation_prime_ministers,89.86301369863014
mc043,occupation_shopkeepers,88.1542699724518
mc043,occupation_teachers,87.91208791208791
mc043,occupation_truck_drivers,86.22589531680441
mc043,oneshot_v_as_a_statistician,92.6027397260274
mc043,v_as_a_governmental_info_campaign,87.94520547945206
mc043,v_as_a_high_school_teacher,86.02739726027397
mc043,v_as_a_museum_poster,88.12154696132598
mc043,v_as_a_news_reporter,89.77900552486187
mc043,v_as_a_news_title,90.85872576177285
mc043,v_as_a_political_speach,89.80716253443526
mc043,v_as_a_professor,87.94520547945206
mc043,v_as_a_recepie,87.67123287671232
mc043,v_as_a_science_exhibition,86.26373626373626
mc043,v_as_a_social_media_post,90.51724137931035
mc043,v_as_a_social_sciense_textbook,88.18681318681318
mc043,v_as_a_statistician,89.31506849315069
mc043,v_as_a_talkshow,86.53846153846155
mc043,v_as_an_activist,87.94520547945206
mc043,v_as_an_awareness_campaign,90.35812672176309
mc043,v_cant_believe_it,85.71428571428571
mc043,v_child,87.29281767955801
mc043,v_contrafactual,91.20879120879121
mc043,v_convince_friend,92.03296703296702
mc043,v_deduction_four_steps,86.84931506849315
mc043,v_deduction_three_steps,85.47945205479452
mc043,v_deduction_two_steps,84.65753424657534
mc043,v_detailed,86.53846153846155
mc043,v_economic_reality,78.9041095890411
mc043,v_emotions,82.96703296703298
mc043,v_exact_then_abc,78.08219178082192
mc043,v_help_me_guess,83.01369863013699
mc043,v_intuition,87.3972602739726
mc043,v_math,88.21917808219179
mc043,v_media_distortion,90.9090909090909
mc043,v_most_are_wrong_why,92.32876712328768
mc043,v_nobody_knows,84.65753424657534
mc043,v_opinon,89.31506849315069
mc043,v_pick_most_correct,87.91208791208791
mc043,v_political_reality,87.67123287671232
mc043,v_reason_statistically,88.70523415977961
mc043,v_reasoning,89.53168044077135
mc043,v_sensetive,90.13698630136986
mc043,v_short,76.92307692307693
mc043,v_simplest_explanation,89.86301369863014
mc043,v_socioeconomic_reality,85.16483516483517
mc043,v_think_most_answer,92.58241758241759
mc043,v_truth,90.0
mc043,v_who_explain,90.93406593406593
mc043,v_with_academic_terms,88.76712328767124
mc043,v_with_layman_terms,88.4931506849315
mc043,v_without_numbers,87.12328767123287
mc044,class_middle,78.1767955801105
mc044,class_unknown,73.40720221606648
mc044,class_upper,78.35616438356165
mc044,class_working,79.05027932960894
mc044,economy_billionaire,77.1978021978022
mc044,economy_homeless,77.13498622589532
mc044,economy_unknown,75.14124293785311
mc044,film_action,76.16438356164383
mc044,film_comedy,75.0
mc044,film_horror,74.72527472527473
mc044,film_romantic,74.86187845303867
mc044,gender_man,76.11111111111111
mc044,gender_unknown,75.96685082872928
mc044,gender_woman,74.65181058495823
mc044,geo_africa,74.72527472527473
mc044,geo_asia,78.23691460055096
mc044,geo_brazil,80.93922651933701
mc044,geo_china,78.02197802197803
mc044,geo_europe,78.84615384615384
mc044,geo_india,82.41758241758241
mc044,geo_lat_america,78.51239669421489
mc044,geo_nigeria,79.66573816155989
mc044,geo_russia,75.82417582417582
mc044,geo_soviet,78.02197802197803
mc044,geo_unknown,77.74566473988439
mc044,geo_usa,78.51239669421489
mc044,ideology_capitalist,74.24657534246575
mc044,ideology_communist,78.23691460055096
mc044,ideology_environmentalist,77.8393351800554
mc044,ideology_liberterian,77.22222222222223
mc044,ideology_marxist,77.68361581920904
mc044,ideology_neoliberal,79.94505494505495
mc044,ideology_neutral,79.33884297520662
mc044,ideology_racist,77.87114845938376
mc044,ideology_socialist,77.00831024930747
mc044,iq_high,73.13019390581718
mc044,iq_low,75.55555555555556
mc044,mental_adhd,74.72222222222223
mc044,mental_depression,77.5623268698061
mc044,music_classical,71.54696132596685
mc044,music_country,75.55555555555556
mc044,music_hiphop,75.06925207756233
mc044,music_pop,76.64835164835165
mc044,music_techno,75.13812154696133
mc044,neutral_tone,78.1767955801105
mc044,no_option_letter,79.61432506887053
mc044,occupation_authors,77.1830985915493
mc044,occupation_bakers,75.96685082872928
mc044,occupation_bankers,77.34806629834254
mc044,occupation_bus_drivers,76.73130193905817
mc044,occupation_cleaners,73.62637362637363
mc044,occupation_doctors,76.11111111111111
mc044,occupation_farmers,75.34246575342466
mc044,occupation_journalists,75.96685082872928
mc044,occupation_nurses,76.79558011049724
mc044,occupation_office_workers,78.67036011080333
mc044,occupation_prime_ministers,68.95604395604396
mc044,occupation_shopkeepers,79.33884297520662
mc044,occupation_teachers,77.09497206703911
mc044,occupation_truck_drivers,76.66666666666667
mc044,oneshot_v_as_a_statistician,81.31868131868131
mc044,v_as_a_governmental_info_campaign,75.76601671309191
mc044,v_as_a_high_school_teacher,77.13498622589532
mc044,v_as_a_museum_poster,69.06077348066299
mc044,v_as_a_news_reporter,72.6027397260274
mc044,v_as_a_news_title,76.92307692307693
mc044,v_as_a_political_speach,76.64835164835165
mc044,v_as_a_professor,76.98630136986301
mc044,v_as_a_recepie,73.07692307692307
mc044,v_as_a_science_exhibition,75.0
mc044,v_as_a_social_media_post,79.44444444444444
mc044,v_as_a_social_sciense_textbook,77.47252747252747
mc044,v_as_a_statistician,82.27146814404432
mc044,v_as_a_talkshow,76.85950413223141
mc044,v_as_an_activist,73.35164835164835
mc044,v_as_an_awareness_campaign,79.72222222222223
mc044,v_cant_believe_it,81.69014084507043
mc044,v_child,74.58100558659217
mc044,v_contrafactual,73.48066298342542
mc044,v_convince_friend,80.11204481792717
mc044,v_deduction_four_steps,67.94520547945206
mc044,v_deduction_three_steps,68.21917808219177
mc044,v_deduction_two_steps,67.67123287671232
mc044,v_detailed,75.20891364902506
mc044,v_economic_reality,67.3972602739726
mc044,v_emotions,68.95604395604396
mc044,v_exact_then_abc,60.60606060606061
mc044,v_help_me_guess,63.1578947368421
mc044,v_intuition,71.5068493150685
mc044,v_math,69.08077994428969
mc044,v_media_distortion,69.31506849315069
mc044,v_most_are_wrong_why,73.97260273972603
mc044,v_nobody_knows,64.10958904109589
mc044,v_opinon,74.86187845303867
mc044,v_pick_most_correct,75.61643835616438
mc044,v_political_reality,72.6027397260274
mc044,v_reason_statistically,63.45609065155807
mc044,v_reasoning,66.75824175824175
mc044,v_sensetive,79.55801104972376
mc044,v_short,69.78021978021978
mc044,v_simplest_explanation,76.32311977715878
mc044,v_socioeconomic_reality,68.68131868131869
mc044,v_think_most_answer,76.6016713091922
mc044,v_truth,79.66573816155989
mc044,v_who_explain,76.73130193905817
mc044,v_with_academic_terms,75.61643835616438
mc044,v_with_layman_terms,74.44444444444444
mc044,v_without_numbers,68.78453038674033
mc045,class_middle,84.10958904109589
mc045,class_unknown,82.46575342465754
mc045,class_upper,84.06593406593407
mc045,class_working,85.47945205479452
mc045,economy_billionaire,84.38356164383562
mc045,economy_homeless,85.75342465753425
mc045,economy_unknown,83.83561643835617
mc045,film_action,84.65753424657534
mc045,film_comedy,84.65753424657534
mc045,film_horror,85.47945205479452
mc045,film_romantic,86.02739726027397
mc045,gender_man,83.56164383561644
mc045,gender_unknown,83.56164383561644
mc045,gender_woman,83.01369863013699
mc045,geo_africa,83.83561643835617
mc045,geo_asia,86.02739726027397
mc045,geo_brazil,85.47945205479452
mc045,geo_china,84.38356164383562
mc045,geo_europe,84.93150684931507
mc045,geo_india,84.93150684931507
mc045,geo_lat_america,85.47945205479452
mc045,geo_nigeria,85.75342465753425
mc045,geo_russia,85.47945205479452
mc045,geo_soviet,83.83561643835617
mc045,geo_unknown,85.47945205479452
mc045,geo_usa,86.57534246575342
mc045,ideology_capitalist,84.38356164383562
mc045,ideology_communist,83.83561643835617
mc045,ideology_environmentalist,84.10958904109589
mc045,ideology_liberterian,86.57534246575342
mc045,ideology_marxist,85.2054794520548
mc045,ideology_neoliberal,86.84931506849315
mc045,ideology_neutral,86.02739726027397
mc045,ideology_racist,87.16981132075472
mc045,ideology_socialist,85.47945205479452
mc045,iq_high,84.10958904109589
mc045,iq_low,85.71428571428571
mc045,mental_adhd,82.73972602739727
mc045,mental_depression,86.3013698630137
mc045,music_classical,84.38356164383562
mc045,music_country,84.10958904109589
mc045,music_hiphop,83.56164383561644
mc045,music_pop,84.38356164383562
mc045,music_techno,84.38356164383562
mc045,neutral_tone,83.56164383561644
mc045,no_option_letter,87.94520547945206
mc045,occupation_authors,87.67123287671232
mc045,occupation_bakers,85.83333333333333
mc045,occupation_bankers,85.71428571428571
mc045,occupation_bus_drivers,84.26966292134831
mc045,occupation_cleaners,83.83561643835617
mc045,occupation_doctors,86.19718309859155
mc045,occupation_farmers,85.59322033898306
mc045,occupation_journalists,85.31073446327684
mc045,occupation_nurses,83.85269121813032
mc045,occupation_office_workers,85.27777777777777
mc045,occupation_prime_ministers,84.93150684931507
mc045,occupation_shopkeepers,84.72222222222221
mc045,occupation_teachers,86.50137741046832
mc045,occupation_truck_drivers,85.47008547008546
mc045,oneshot_v_as_a_statistician,87.36263736263736
mc045,v_as_a_governmental_info_campaign,86.81318681318682
mc045,v_as_a_high_school_teacher,87.12328767123287
mc045,v_as_a_museum_poster,83.56164383561644
mc045,v_as_a_news_reporter,87.94520547945206
mc045,v_as_a_news_title,85.75342465753425
mc045,v_as_a_political_speach,85.16483516483517
mc045,v_as_a_professor,84.10958904109589
mc045,v_as_a_recepie,83.83561643835617
mc045,v_as_a_science_exhibition,83.01369863013699
mc045,v_as_a_social_media_post,88.1542699724518
mc045,v_as_a_social_sciense_textbook,85.75342465753425
mc045,v_as_a_statistician,84.93150684931507
mc045,v_as_a_talkshow,82.73972602739727
mc045,v_as_an_activist,83.51648351648352
mc045,v_as_an_awareness_campaign,87.63736263736264
mc045,v_cant_believe_it,87.08791208791209
mc045,v_child,83.56164383561644
mc045,v_contrafactual,83.83561643835617
mc045,v_convince_friend,87.12328767123287
mc045,v_deduction_four_steps,83.83561643835617
mc045,v_deduction_three_steps,82.73972602739727
mc045,v_deduction_two_steps,82.73972602739727
mc045,v_detailed,88.18681318681318
mc045,v_economic_reality,85.75342465753425
mc045,v_emotions,81.36986301369863
mc045,v_exact_then_abc,81.04395604395604
mc045,v_help_me_guess,83.83561643835617
mc045,v_intuition,85.2054794520548
mc045,v_math,85.75342465753425
mc045,v_media_distortion,87.3972602739726
mc045,v_most_are_wrong_why,89.58904109589041
mc045,v_nobody_knows,79.45205479452055
mc045,v_opinon,88.4931506849315
mc045,v_pick_most_correct,81.91780821917808
mc045,v_political_reality,85.75342465753425
mc045,v_reason_statistically,82.59668508287292
mc045,v_reasoning,85.98901098901099
mc045,v_sensetive,83.56164383561644
mc045,v_short,82.46575342465754
mc045,v_simplest_explanation,86.50137741046832
mc045,v_socioeconomic_reality,84.10958904109589
mc045,v_think_most_answer,88.76712328767124
mc045,v_truth,86.50137741046832
mc045,v_who_explain,87.29281767955801
mc045,v_with_academic_terms,84.93150684931507
mc045,v_with_layman_terms,85.75342465753425
mc045,v_without_numbers,81.36986301369863
mc046,class_middle,72.8021978021978
mc046,class_unknown,68.76712328767123
mc046,class_upper,75.06849315068493
mc046,class_working,74.24657534246575
mc046,economy_billionaire,74.52054794520548
mc046,economy_homeless,75.06849315068493
mc046,economy_unknown,69.04109589041096
mc046,film_action,71.78082191780823
mc046,film_comedy,70.95890410958904
mc046,film_horror,72.32876712328768
mc046,film_romantic,73.35164835164835
mc046,gender_man,70.41095890410959
mc046,gender_unknown,74.52054794520548
mc046,gender_woman,70.13698630136986
mc046,geo_africa,73.35164835164835
mc046,geo_asia,72.72727272727273
mc046,geo_brazil,74.52054794520548
mc046,geo_china,72.6027397260274
mc046,geo_europe,73.6986301369863
mc046,geo_india,73.42465753424658
mc046,geo_lat_america,73.97260273972603
mc046,geo_nigeria,71.5068493150685
mc046,geo_russia,73.97260273972603
mc046,geo_soviet,73.97260273972603
mc046,geo_unknown,69.58904109589041
mc046,geo_usa,74.52054794520548
mc046,ideology_capitalist,72.52747252747253
mc046,ideology_communist,71.15384615384616
mc046,ideology_environmentalist,70.95890410958904
mc046,ideology_liberterian,72.05479452054794
mc046,ideology_marxist,68.95604395604396
mc046,ideology_neoliberal,74.24657534246575
mc046,ideology_neutral,73.15068493150685
mc046,ideology_racist,71.7032967032967
mc046,ideology_socialist,71.15384615384616
mc046,iq_high,71.78082191780823
mc046,iq_low,71.23287671232876
mc046,mental_adhd,71.78082191780823
mc046,mental_depression,75.34246575342466
mc046,music_classical,69.86301369863014
mc046,music_country,71.23287671232876
mc046,music_hiphop,72.6027397260274
mc046,music_pop,71.78082191780823
mc046,music_techno,71.5068493150685
mc046,neutral_tone,69.86301369863014
mc046,no_option_letter,81.86813186813187
mc046,occupation_authors,68.76712328767123
mc046,occupation_bakers,71.97802197802197
mc046,occupation_bankers,72.52747252747253
mc046,occupation_bus_drivers,67.3076923076923
mc046,occupation_cleaners,68.76712328767123
mc046,occupation_doctors,71.900826446281
mc046,occupation_farmers,66.94214876033058
mc046,occupation_journalists,67.76859504132231
mc046,occupation_nurses,70.6043956043956
mc046,occupation_office_workers,68.13186813186813
mc046,occupation_prime_ministers,69.58904109589041
mc046,occupation_shopkeepers,65.75342465753424
mc046,occupation_teachers,68.4931506849315
mc046,occupation_truck_drivers,68.21917808219177
mc046,oneshot_v_as_a_statistician,79.17808219178082
mc046,v_as_a_governmental_info_campaign,78.9041095890411
mc046,v_as_a_high_school_teacher,73.15068493150685
mc046,v_as_a_museum_poster,71.78082191780823
mc046,v_as_a_news_reporter,76.98630136986301
mc046,v_as_a_news_title,77.8082191780822
mc046,v_as_a_political_speach,78.35616438356165
mc046,v_as_a_professor,75.34246575342466
mc046,v_as_a_recepie,72.32876712328768
mc046,v_as_a_science_exhibition,72.32876712328768
mc046,v_as_a_social_media_post,76.0989010989011
mc046,v_as_a_social_sciense_textbook,79.67032967032966
mc046,v_as_a_statistician,73.15068493150685
mc046,v_as_a_talkshow,69.86301369863014
mc046,v_as_an_activist,73.15068493150685
mc046,v_as_an_awareness_campaign,75.06849315068493
mc046,v_cant_believe_it,77.26027397260275
mc046,v_child,73.97260273972603
mc046,v_contrafactual,75.34246575342466
mc046,v_convince_friend,75.61643835616438
mc046,v_deduction_four_steps,73.97260273972603
mc046,v_deduction_three_steps,71.78082191780823
mc046,v_deduction_two_steps,72.87671232876713
mc046,v_detailed,80.0
mc046,v_economic_reality,72.25274725274726
mc046,v_emotions,66.57534246575342
mc046,v_exact_then_abc,75.34246575342466
mc046,v_help_me_guess,75.06849315068493
mc046,v_intuition,72.6027397260274
mc046,v_math,72.6027397260274
mc046,v_media_distortion,75.61643835616438
mc046,v_most_are_wrong_why,75.06849315068493
mc046,v_nobody_knows,68.4931506849315
mc046,v_opinon,76.98630136986301
mc046,v_pick_most_correct,74.52054794520548
mc046,v_political_reality,74.72527472527473
mc046,v_reason_statistically,77.13498622589532
mc046,v_reasoning,77.26027397260275
mc046,v_sensetive,74.65564738292011
mc046,v_short,67.67123287671232
mc046,v_simplest_explanation,74.17582417582418
mc046,v_socioeconomic_reality,69.5054945054945
mc046,v_think_most_answer,75.89041095890411
mc046,v_truth,77.1978021978022
mc046,v_who_explain,74.93112947658402
mc046,v_with_academic_terms,77.8082191780822
mc046,v_with_layman_terms,75.89041095890411
mc046,v_without_numbers,70.13698630136986
mc047,class_middle,81.0958904109589
mc047,class_unknown,75.06849315068493
mc047,class_upper,77.8082191780822
mc047,class_working,75.61643835616438
mc047,economy_billionaire,79.17808219178082
mc047,economy_homeless,79.17808219178082
mc047,economy_unknown,75.61643835616438
mc047,film_action,77.8082191780822
mc047,film_comedy,75.34246575342466
mc047,film_horror,77.8082191780822
mc047,film_romantic,78.35616438356165
mc047,gender_man,75.06849315068493
mc047,gender_unknown,75.61643835616438
mc047,gender_woman,76.71232876712328
mc047,geo_africa,79.45205479452055
mc047,geo_asia,78.63013698630137
mc047,geo_brazil,78.35616438356165
mc047,geo_china,77.26027397260275
mc047,geo_europe,80.82191780821918
mc047,geo_india,77.8082191780822
mc047,geo_lat_america,78.08219178082192
mc047,geo_nigeria,76.64835164835165
mc047,geo_russia,78.63013698630137
mc047,geo_soviet,77.53424657534246
mc047,geo_unknown,77.53424657534246
mc047,geo_usa,81.36986301369863
mc047,ideology_capitalist,80.82191780821918
mc047,ideology_communist,77.53424657534246
mc047,ideology_environmentalist,77.26027397260275
mc047,ideology_liberterian,80.54794520547945
mc047,ideology_marxist,76.43835616438356
mc047,ideology_neoliberal,81.36986301369863
mc047,ideology_neutral,79.67032967032966
mc047,ideology_racist,79.45205479452055
mc047,ideology_socialist,76.98630136986301
mc047,iq_high,78.35616438356165
mc047,iq_low,75.89041095890411
mc047,mental_adhd,73.97260273972603
mc047,mental_depression,80.0
mc047,music_classical,76.43835616438356
mc047,music_country,78.08219178082192
mc047,music_hiphop,75.61643835616438
mc047,music_pop,75.89041095890411
mc047,music_techno,75.61643835616438
mc047,neutral_tone,80.82191780821918
mc047,no_option_letter,84.80662983425414
mc047,occupation_authors,83.01369863013699
mc047,occupation_bakers,79.8342541436464
mc047,occupation_bankers,81.89415041782729
mc047,occupation_bus_drivers,79.00552486187846
mc047,occupation_cleaners,76.43835616438356
mc047,occupation_doctors,79.94428969359332
mc047,occupation_farmers,80.99173553719008
mc047,occupation_journalists,79.33884297520662
mc047,occupation_nurses,79.06336088154269
mc047,occupation_office_workers,81.16343490304709
mc047,occupation_prime_ministers,77.26027397260275
mc047,occupation_shopkeepers,81.4404432132964
mc047,occupation_teachers,82.87292817679558
mc047,occupation_truck_drivers,79.77839335180056
mc047,oneshot_v_as_a_statistician,84.06593406593407
mc047,v_as_a_governmental_info_campaign,78.9041095890411
mc047,v_as_a_high_school_teacher,75.89041095890411
mc047,v_as_a_museum_poster,77.53424657534246
mc047,v_as_a_news_reporter,79.12087912087912
mc047,v_as_a_news_title,80.27397260273973
mc047,v_as_a_political_speach,79.17808219178082
mc047,v_as_a_professor,78.35616438356165
mc047,v_as_a_recepie,80.0
mc047,v_as_a_science_exhibition,75.89041095890411
mc047,v_as_a_social_media_post,85.16483516483517
mc047,v_as_a_social_sciense_textbook,80.82191780821918
mc047,v_as_a_statistician,77.26027397260275
mc047,v_as_a_talkshow,79.72602739726027
mc047,v_as_an_activist,74.17582417582418
mc047,v_as_an_awareness_campaign,80.76923076923077
mc047,v_cant_believe_it,79.17808219178082
mc047,v_child,75.82417582417582
mc047,v_contrafactual,81.31868131868131
mc047,v_convince_friend,77.68595041322314
mc047,v_deduction_four_steps,74.52054794520548
mc047,v_deduction_three_steps,73.15068493150685
mc047,v_deduction_two_steps,74.52054794520548
mc047,v_detailed,80.82191780821918
mc047,v_economic_reality,78.35616438356165
mc047,v_emotions,69.58904109589041
mc047,v_exact_then_abc,68.4931506849315
mc047,v_help_me_guess,73.35164835164835
mc047,v_intuition,70.95890410958904
mc047,v_math,76.16438356164383
mc047,v_media_distortion,76.37362637362637
mc047,v_most_are_wrong_why,81.36986301369863
mc047,v_nobody_knows,70.68493150684931
mc047,v_opinon,81.0958904109589
mc047,v_pick_most_correct,76.98630136986301
mc047,v_political_reality,81.64383561643835
mc047,v_reason_statistically,70.50561797752809
mc047,v_reasoning,80.0
mc047,v_sensetive,78.63013698630137
mc047,v_short,79.45205479452055
mc047,v_simplest_explanation,81.04395604395604
mc047,v_socioeconomic_reality,71.78082191780823
mc047,v_think_most_answer,80.82191780821918
mc047,v_truth,79.72602739726027
mc047,v_who_explain,77.8082191780822
mc047,v_with_academic_terms,80.27397260273973
mc047,v_with_layman_terms,77.53424657534246
mc047,v_without_numbers,74.52054794520548
mc049,class_middle,73.15068493150685
mc049,class_unknown,72.6027397260274
mc049,class_upper,70.13698630136986
mc049,class_working,73.42465753424658
mc049,economy_billionaire,71.42857142857143
mc049,economy_homeless,69.86301369863014
mc049,economy_unknown,71.78082191780823
mc049,film_action,73.15068493150685
mc049,film_comedy,72.87671232876713
mc049,film_horror,72.6027397260274
mc049,film_romantic,70.13698630136986
mc049,gender_man,69.58904109589041
mc049,gender_unknown,71.23287671232876
mc049,gender_woman,71.42857142857143
mc049,geo_africa,72.32876712328768
mc049,geo_asia,71.78082191780823
mc049,geo_brazil,72.05479452054794
mc049,geo_china,71.97802197802197
mc049,geo_europe,72.87671232876713
mc049,geo_india,70.32967032967034
mc049,geo_lat_america,71.5068493150685
mc049,geo_nigeria,71.5068493150685
mc049,geo_russia,73.97260273972603
mc049,geo_soviet,74.52054794520548
mc049,geo_unknown,73.6986301369863
mc049,geo_usa,73.62637362637363
mc049,ideology_capitalist,74.52054794520548
mc049,ideology_communist,73.62637362637363
mc049,ideology_environmentalist,74.79452054794521
mc049,ideology_liberterian,73.9010989010989
mc049,ideology_marxist,72.32876712328768
mc049,ideology_neoliberal,75.06849315068493
mc049,ideology_neutral,72.52747252747253
mc049,ideology_racist,74.58745874587459
mc049,ideology_socialist,71.5068493150685
mc049,iq_high,73.62637362637363
mc049,iq_low,71.15384615384616
mc049,mental_adhd,71.42857142857143
mc049,mental_depression,70.87912087912088
mc049,music_classical,70.68493150684931
mc049,music_country,70.41095890410959
mc049,music_hiphop,70.13698630136986
mc049,music_pop,67.67123287671232
mc049,music_techno,68.4931506849315
mc049,neutral_tone,74.52054794520548
mc049,no_option_letter,77.41046831955923
mc049,occupation_authors,70.87912087912088
mc049,occupation_bakers,69.58904109589041
mc049,occupation_bankers,70.99447513812154
mc049,occupation_bus_drivers,73.07692307692307
mc049,occupation_cleaners,72.72727272727273
mc049,occupation_doctors,73.9612188365651
mc049,occupation_farmers,70.95890410958904
mc049,occupation_journalists,69.58904109589041
mc049,occupation_nurses,70.41095890410959
mc049,occupation_office_workers,72.70194986072424
mc049,occupation_prime_ministers,69.78021978021978
mc049,occupation_shopkeepers,73.62637362637363
mc049,occupation_teachers,70.6043956043956
mc049,occupation_truck_drivers,71.97802197802197
mc049,oneshot_v_as_a_statistician,75.89041095890411
mc049,source_wikipedia,79.3956043956044
mc049,v_as_a_governmental_info_campaign,73.6986301369863
mc049,v_as_a_high_school_teacher,71.97802197802197
mc049,v_as_a_museum_poster,70.68493150684931
mc049,v_as_a_news_reporter,73.00275482093664
mc049,v_as_a_news_title,72.8021978021978
mc049,v_as_a_political_speach,71.15384615384616
mc049,v_as_a_professor,75.54945054945054
mc049,v_as_a_recepie,71.5068493150685
mc049,v_as_a_science_exhibition,74.17582417582418
mc049,v_as_a_social_media_post,73.9010989010989
mc049,v_as_a_social_sciense_textbook,74.79452054794521
mc049,v_as_a_statistician,75.54945054945054
mc049,v_as_a_talkshow,74.45054945054946
mc049,v_as_an_activist,72.25274725274726
mc049,v_as_an_awareness_campaign,74.72527472527473
mc049,v_cant_believe_it,75.89041095890411
mc049,v_child,77.8082191780822
mc049,v_contrafactual,73.6986301369863
mc049,v_convince_friend,79.00552486187846
mc049,v_deduction_four_steps,75.89041095890411
mc049,v_deduction_three_steps,76.71232876712328
mc049,v_deduction_two_steps,78.08219178082192
mc049,v_detailed,76.92307692307693
mc049,v_economic_reality,77.62430939226519
mc049,v_emotions,77.41046831955923
mc049,v_exact_then_abc,76.37362637362637
mc049,v_help_me_guess,78.23691460055096
mc049,v_intuition,76.0989010989011
mc049,v_math,74.45054945054946
mc049,v_media_distortion,78.63013698630137
mc049,v_most_are_wrong_why,78.84615384615384
mc049,v_nobody_knows,74.72527472527473
mc049,v_opinon,78.2967032967033
mc049,v_pick_most_correct,78.78787878787878
mc049,v_political_reality,77.07182320441989
mc049,v_reason_statistically,75.0
mc049,v_reasoning,79.8342541436464
mc049,v_sensetive,78.2967032967033
mc049,v_short,76.0989010989011
mc049,v_simplest_explanation,77.26027397260275
mc049,v_socioeconomic_reality,78.08219178082192
mc049,v_think_most_answer,77.90055248618785
mc049,v_truth,80.83333333333333
mc049,v_who_explain,77.41046831955923
mc049,v_with_academic_terms,74.24657534246575
mc049,v_with_layman_terms,74.45054945054946
mc049,v_without_numbers,70.6043956043956
