id,short_title,quesiton,,
1729,World Income Groups Sizes,"<img alt="""" height=""1654"" src=""https://surveymonkey-assets.s3.amazonaws.com/survey/407666977/rte/4eb5a674-54d2-4d08-a589-6a33f9b5dd2b.png"" width=""1820"">We split the world population into three income groups, separated at $2/day and $24/day. Which option, A, B or C, best shows the groups' sizes?",https://upgrader.gapminder.org/q/1729,
1666,High-Income CO2 Emissions,"<img alt="""" height=""1654"" src=""https://surveymonkey-assets.s3.amazonaws.com/survey/512327637/rte/29d69491-df27-49fe-9c2c-08c22d1e7b81.png"" width=""1820"">The people in High-Income Countries emit different amounts of CO2 depending on how rich they are. Which graph shows the difference from the poorest 10% to the richest?",https://upgrader.gapminder.org/q/1666,
1692,Electricity Price Drop,"100 years ago, electricity cost how much compared to the average price today?",https://upgrader.gapminder.org/q/1692,
1645,Low-Income Industry Share,23% of the economy of high income countries comes from the industry sector (including manufacturing and construction). How much is this in low-income countries?,https://upgrader.gapminder.org/q/1645,
11,Global Income Shift,"30 years ago, 56% of the world's population lived in low-income countries. What is the share today?",https://upgrader.gapminder.org/q/11,
1631,Global Middle-Income Growth,"31 years ago, less than a quarter of the world's population lived in middle income countries. What is the share today?",https://upgrader.gapminder.org/q/1631,
1552,Middle Income Women in Academia,42% of all university teachers & researchers in high income countries are women. What is the share in middle income countries?,https://upgrader.gapminder.org/q/1552,
1683,Road Deaths in Low-Income Areas,60% of the world’s vehicles are found in low- and middle-income countries. What share of road fatalities occur in these countries?,https://upgrader.gapminder.org/q/1683,
1553,Gender Gap in Workforce,90% of men aged 25-29 are in the labour force today. How is this for women aged 25-29?,https://upgrader.gapminder.org/q/1553,
16,World's Most Used Material,"After water, which raw material is most used in the world?",https://upgrader.gapminder.org/q/16,
1670,Refugees in Low-Income Nations,Around 10% of the world's population live in low-income countries. What share of the global refugee population live there?,https://upgrader.gapminder.org/q/1670,
1770,Nuclear Warhead Reduction,"Back in 1986, countries with nuclear weapons had around 64,000 warheads stockpiled. What is that number today?",https://upgrader.gapminder.org/q/1770,
1687,US Votes in World Bank,"Before the World Bank lends money to a country, the decision must get 85% of votes. How many votes does the U.S. have, which is 4.2% of the world population?",https://upgrader.gapminder.org/q/1687,
1713,Latin America's Income Growth,"Between 1990 and 2022 the average income in the U.S increased 54%, adjusted for inflation. What happened to the average income in Latin America?",https://upgrader.gapminder.org/q/1713,
1726,Rising Income Countries,"Between 2001 and today, how many countries have progressed from low-income to middle-income status?",https://upgrader.gapminder.org/q/1726,
1559,Meth Seizures Triple Worldwide,"Between 2013 and 2019, the amount of Methamphetamine (an illegal drug) that was seized by customs worldwide...",https://upgrader.gapminder.org/q/1559,
8,Endangered Plants and Animals,"Biologists have evaluated the status of more than 100,000 plants and animals. How many are endangered or threatened?",https://upgrader.gapminder.org/q/8,
1705,Charity vs Government Aid,Charities and governments across the world give money to the least developed countries. When comparing the total amounts given...,https://upgrader.gapminder.org/q/1705,
1517,Africa's Child Death Levels,Child deaths in Africa today are at the same levels as in Europe in the year:,https://upgrader.gapminder.org/q/1517,
1714,Latin America's Child Mortality,Child mortality in Latin America today is at the same level it was in the United States in what year?,https://upgrader.gapminder.org/q/1714,
55,Solar Panel Price Drop,"Compared to 1980, the cost of solar panels today is:",https://upgrader.gapminder.org/q/55,
1767,Ocean Microplastic Surge,"Compared to 30 years ago, the pollution of micro plastics in the world's oceans today is roughly:",https://upgrader.gapminder.org/q/1767,
1586,Middle-Income Waste Levels,"Compared to people in high-income countries, how much waste do people living in middle-income countries generate per person per day?",https://upgrader.gapminder.org/q/1586,
1624,Money Sent Home vs. Aid,"Compared to the all international aid, how much money do people living abroad transfer back home to their countries of origin, as so called remittances?",https://upgrader.gapminder.org/q/1624,
1765,Wildlife Conservation Growth,"Compared to the year 2000, how many species of animals, plants and fungi have been assessed in the wild and given a conservation status?",https://upgrader.gapminder.org/q/1765,
1717,Developing Countries' CO2 Levels,"Countries with incomes like India, Morocco and Bolivia, emit how much CO2 per person, compared to high-income countries?",https://upgrader.gapminder.org/q/1717,
1623,Earth Without Greenhouse Gases,"Currently, the average temperature on Earth is 15C. What would the average temperature on Earth be without greenhouse gases?",https://upgrader.gapminder.org/q/1623,
1745,,"During the 1990s, the total damage caused by natural disasters was about 0.25% of total world income (GDP). During the last 10 years, that number was…",https://upgrader.gapminder.org/q/1745,
1527,Conflict Count Over Time,"During the last 70 years, there have been 134 armed conflicts between sovereign states. What was the number in the 70 years before that?",https://upgrader.gapminder.org/q/1527,
1565,Non-Violent Success Rate,"During the past 120 years, violent activist campaigns have succeeded 20% of the time, how often did non violent campaigns succeed?",https://upgrader.gapminder.org/q/1565,
1525,Global Women in Workforce',Eighty percent of all men in the world today are in the labour force. What is the number for women?,https://upgrader.gapminder.org/q/1525,
1706,Energy R&D Spending,Electronics and Pharmaceutical companies invest roughly 12% of their revenues in research and development. What is the average number for Energy companies?,https://upgrader.gapminder.org/q/1706,
1608,,"En Europe (y compris la Russie et la Turquie), quelle est l’espérance de vie d’un bébé né aujourd’hui?",https://upgrader.gapminder.org/q/1608,
1761,Earth's Energy Balance,"Every year, energy from the sun (light and heat) reaches the earth. Compared to that energy, how much energy leaves the Earth out into space every year?",https://upgrader.gapminder.org/q/1761,
1498,,"For all vertebrate species (animals with skeletons), how much did their wild populations decline on average during the past 50 years?",https://upgrader.gapminder.org/q/1498,
25,Food's Global Journey,"For every 100kg of food produced in the world, how much on average is transported to a different country?",,
1738,Electricity Access Growth,"From 2015 to 2021, the world population increased by 80 million each year. During the same period, how many more people gained access to electricity each year?",https://upgrader.gapminder.org/q/1738,
1725,Rich Countries Poverty Line,"Globally, a person with less than $1.9 a day is said to be living in extreme poverty. In the 40 richest countries the national poverty lines are roughly:",,
1640,Nordic Poverty Line,"Globally, an income of less than $1.90 a day is considered extreme poverty. In the Nordics (Sweden, Norway, Denmark, Finland, Iceland) national poverty lines are roughly:",,
1579,Untrained Teachers Worldwide,"Globally, how many primary school teachers are not trained?",https://upgrader.gapminder.org/q/1579,
83,Food Waste Before Stores,"Globally, how much food is wasted each year between harvesting and distribution to retailers?",https://upgrader.gapminder.org/q/83,
1534,Hospital-Acquired Sepsis,"Globally, sepsis is one of the main causes of death. What share of all the cases of sepsis with organ dysfunction in hospital intensive care units were caught in hospital?",https://upgrader.gapminder.org/q/1534,
1512,Global Farm Land Size,"Globally, what has happened to the size of the land area used for agriculture over the last 50 years?",https://upgrader.gapminder.org/q/1512,
1632,Global Deaths from Obesity,"Globally, what share of deaths is caused by overweight and obesity?",,
1628,Managed Waste Worldwide,"Globally, what share of waste that is collected from households, businesses and streets ends up in managed landfills (not open dump sites)?",https://upgrader.gapminder.org/q/1628,
1718,World's Median Age',Half of the world's population is below:,https://upgrader.gapminder.org/q/1718,
1560,Babies Born in Hospitals',How babies in the world are born in health facilities?,https://upgrader.gapminder.org/q/1560,
2,Natural Disaster Deaths Drop,How did the number of deaths per year from natural disasters change over the last hundred years?,,
1590,Water Vapor and Greenhouse Heat',How does water vapor contribute to the greenhouse effect which keeps the earth’s atmosphere warm?,https://upgrader.gapminder.org/q/1590,
1606,Europe Teen Alcohol Use,How many 15-years-old boys drink alcohol weekly in Europe (including Russia)?,https://upgrader.gapminder.org/q/1606,
1643,Low-Income Banking Access,How many adults in low-income countries have access to some form of bank account?,https://upgrader.gapminder.org/q/1643,
1509,Global Adult Literacy Rate,How many adults in the world say they can read?,https://upgrader.gapminder.org/q/1509,
38,Global Preschool Attendance,"How many boys and girls go to pre-primary school (e.g. day care, early childhood education) globally?",https://upgrader.gapminder.org/q/38,
120,,How many cases of smallpox were there in the world last year?,https://upgrader.gapminder.org/q/120,
39,Child Refugee Schooling,How many child refugees attended primary school in 2020 (before the Corona pandemic)?,https://upgrader.gapminder.org/q/39,
1554,Women-Owned Companies Worldwide,How many companies globally are at least partially owned by women?,https://upgrader.gapminder.org/q/1554,
1543,African Billion-Dollar Companies,How many companies in Africa have revenues of more than 1 billion USD?,https://upgrader.gapminder.org/q/1543,
1703,Global Child Vaccination Reach,How many countries (out of 193) participate in some of the World Health Organisation’s programmes for child vaccination?,https://upgrader.gapminder.org/q/1703,
48,Desalination Worldwide,How many countries (out of 195) have at least one desalination plant for removing salt from salt-water?,https://upgrader.gapminder.org/q/48,
1680,Countries with Satellites,How many countries had satellites in orbit around the earth in 2021?,https://upgrader.gapminder.org/q/1680,
1669,Lead-Free Gasoline Worldwide,"How many countries have banned gasoline containing lead, out of 195 countries?",https://upgrader.gapminder.org/q/1669,
1652,Equal Pay Laws Worldwide,How many countries have laws which say that men and women are paid the same amount for doing work of equal value?,https://upgrader.gapminder.org/q/1652,
1391,Belt and Road Partners Count,How many countries have made cooperation agreements with China's Belt and Road Initiative?,https://upgrader.gapminder.org/q/1391,
22,Disability Benefits Worldwide,How many countries have some form of social security benefit system for people with disabilities?,,
27,Genebank Countries Count,How many countries worldwide have holdings of plant genetic materials conserved in genebanks?,https://upgrader.gapminder.org/q/27,
1776,U.S. Jobs from China Exports,How many jobs in the U.S. are supported by exports to China?,https://upgrader.gapminder.org/q/1776,
1583,Species Lost in 200 Years,How many known species of animals and plants have become extinct in the last 200 years?,https://upgrader.gapminder.org/q/1583,
1582,Global Megacity Count,How many Megacities are there in the whole world (metropolitan areas with more than 10 million inhabitants)?,https://upgrader.gapminder.org/q/1582,
1567,Future Population Decline,How many of the world's 193 countries will have fewer people in 2050 than today?,https://upgrader.gapminder.org/q/1567,
1588,Big Companies Go Green,How many of the world's 250 largest companies (by revenue) are now reporting on sustainability each year?,https://upgrader.gapminder.org/q/1588,
1660,Big Companies' Carbon Goals,How many of the world's 250 largest companies (by revenue) have set targets to cut their carbon emissions?,https://upgrader.gapminder.org/q/1660,
82,Climate Risk Reporting Giants,How many of the world’s 500 largest companies (by revenue) provide yearly estimates on the financial risks of climate change to their company?,https://upgrader.gapminder.org/q/82,
1607,Europe's Depression Rate,How many people in Europe (including Russia) suffer from depression?,https://upgrader.gapminder.org/q/1607,
24,Smoke-Free Cooking Worldwide,How many people in the world cook using stoves that don't produce smoke?,,
1508,Global Depression Numbers,How many people in the world currently suffer from depression?,https://upgrader.gapminder.org/q/1508,
106,Feeling Safe at Night,How many people in the world feel safe walking alone at night where they live?,https://upgrader.gapminder.org/q/106,
60,Global Mobile Phone Users,How many people in the world have a mobile phone subscription?,https://upgrader.gapminder.org/q/60,
6,Safe Water Access Worldwide,How many people in the world have access to safe drinking water in or close to home?,https://upgrader.gapminder.org/q/6,
1577,Home Handwashing Access,How many people in the world have soap and water to wash their hands at home?,https://upgrader.gapminder.org/q/1577,
1626,,How many people in the world have to make a round trip of more than 30 minutes to collect drinking water?,https://upgrader.gapminder.org/q/1626,
7,Living Close to Sea Level,How many people in the world live in areas that are 5 meters or less above the sea level?,https://upgrader.gapminder.org/q/7,
63,Global Mobile Network Reach,How many people in the world live within a range of a 3G or higher quality mobile network?,https://upgrader.gapminder.org/q/63,
103,Trust in Local Police Worldwide,How many people in the world say they have confidence in their local police?,https://upgrader.gapminder.org/q/103,
1576,Rural Private Toilets,How many people living in rural areas in the world have a toilet that they don't have to share with other households?,https://upgrader.gapminder.org/q/1576,
1720,Rural Water Access,How many people living in rural areas in the world have access to safe drinking water within at least 30 minutes from their house?,https://upgrader.gapminder.org/q/1720,
45,Rural Drinking Water Sources,How many people living in rural areas in the world use surface water as their drinking water?,https://upgrader.gapminder.org/q/45,
1528,Basic Human Needs,"How many people worldwide have their basic needs met when it comes to food, water, toilets, electricity, schooling and healthcare?",,
1612,Sub-Saharan Schools with Power,How many primary schools in Sub-Saharan Africa have access to electricity?,https://upgrader.gapminder.org/q/1612,
1661,World's Largest Refugee Camp,How many refugees currently live in the world's largest refugee camp?,https://upgrader.gapminder.org/q/1661,
35,Studying at Home,How many students study in their home country (as opposed to studying abroad)?,https://upgrader.gapminder.org/q/35,
1619,Sub-Saharan Child Marriages,How many women are married before the age of 18 in Sub-Saharan Africa?,https://upgrader.gapminder.org/q/1619,
81,Ozone Hole Agreement Time,How many years did it take between the discovery of the hole in the ozone layer and the international agreement to solve it?,https://upgrader.gapminder.org/q/81,
1587,Young Men Not in School or Work,"How many young men in the world (aged 15-24) are not engaged in either education, employment or training?",https://upgrader.gapminder.org/q/1587,
1592,Sea Level Rise,How much has the sea level risen on average per year over the past 100 years?,https://upgrader.gapminder.org/q/1592,
1636,Pandemic's CO2 Drop,"How much less carbon dioxide was emitted during 2020 because of the Corona Pandemic, compared to the year before?",https://upgrader.gapminder.org/q/1636,
14,Ocean Plastic Problem,How much of all plastic produced in the world ends up in the oceans?,https://upgrader.gapminder.org/q/14,
1646,Low-Income Countries' Earnings,"How much of all the money earned in low-income countries comes from agriculture, forestry and fishing?",https://upgrader.gapminder.org/q/1646,
1793,Sub-Saharan Money Sources,"How much of all the money earned in sub-Saharan Africa comes from agriculture, forestry and fishing?",https://upgrader.gapminder.org/q/1793,
1511,African Food Self-Sufficiency,How much of the African food requirement is met by African agricultural production?,https://upgrader.gapminder.org/q/1511,
1616,Low-Income Countries' Money Transfers,How much of the economy of low-income countries comes from money that people send home?,https://upgrader.gapminder.org/q/1616,
5,Ocean Heat from Warming,How much of the excess heat from global warming is captured in the oceans?,https://upgrader.gapminder.org/q/5,
47,Freshwater for Farming,How much of the freshwater usage goes to agriculture?,https://upgrader.gapminder.org/q/47,
1596,,How much of the oxygen that the Amazon forest produces do we humans breathe?,https://upgrader.gapminder.org/q/1596,
77,Human Footprint on Land,"How much of the planet’s total land surface is covered by human constructions like houses, roads and other physical infrastructure (not including farm land)?",https://upgrader.gapminder.org/q/77,
18,,"How much of world's economy comes from agriculture, forestry and fishing?",https://upgrader.gapminder.org/q/18,
1760,Resource Use: Rich vs. Middle,How much raw material does each person in high-income countries use every year compared to those in middle-income countries?,https://upgrader.gapminder.org/q/1760,
1601,Cancer Cure Lifespan Boost,"If all kinds of cancer could be cured, how much longer would lifespans be, on average worldwide?",https://upgrader.gapminder.org/q/1601,
1707,Future Biggest City Location,"If current trends continue, in 2100 the biggest city in the world is expected to be in:",https://upgrader.gapminder.org/q/1707,
1792,Rich vs Poor Ratio Today,"If POOR means people with less than $2/day, and RICH means more than $200/day. Today the number of POOR per RICH is...",https://upgrader.gapminder.org/q/1792,
87,,"If we stopped all CO2 emissions worldwide right now, how much of the extra CO2 in the atmosphere which humans have added would still remain there 100 years from now?",https://upgrader.gapminder.org/q/87,
1728,Future Sea Level Rise,"If we stopped emitting greenhouse gases today, for how long would the sea-level continue to rise?",https://upgrader.gapminder.org/q/1728,
51,Rise of Nuclear Energy,"In 1950, 0% of all energy consumption came from nuclear energy. What was this number in 2017?",https://upgrader.gapminder.org/q/51,
1561,Education Growth Worldwide,"In 1950, roughly 50% of all adults had at least some basic education. What is the share today?",https://upgrader.gapminder.org/q/1561,
1551,Coal's Share Over Time,"In 1970, 30% of all energy used in the world came from burning coal. What happened to that share since then?",https://upgrader.gapminder.org/q/1551,
30,Low-Income Life Expectancy,"In 1970, people in low-income countries had a life expectancy of 44 years. What is the life expectance in low-income countries today?",https://upgrader.gapminder.org/q/30,
1677,UNHCR Donations Growth,"In 1990 people around the world gave around 1.3 billion $ to UNHCR to help refugees in other countries. In 2022, the world was giving how much:",https://upgrader.gapminder.org/q/1677,
52,Future Senior Workers,"In 1990, 19% of people aged 65 and older in the world still worked. What is the share expected to be in 2030?",https://upgrader.gapminder.org/q/52,
119,Indoor Pollution Deaths Drop,"In 1990, 2.7 million people died from indoor pollution. What happened to that number since then?",https://upgrader.gapminder.org/q/119,
72,Global Migration Today,"In 1990, 3% of the world population lived in other countries than they were born in. What is the percentage today?",https://upgrader.gapminder.org/q/72,
1744,Nuclear Power Today,"In 1990, around 17% of all electricity produced worldwide came from nuclear plants. What is that number today?",https://upgrader.gapminder.org/q/1744,
1672,Fossil Fuels in Electricity,"In 1990, around 60% of all electricity worldwide was produced using fossil fuels. What is that number today?",https://upgrader.gapminder.org/q/1672,
29,Agriculture Export Subsidies Drop,"In 1995, 4,600 million USD was spent on agriculture export subsidies. How much was spent in 2016?",https://upgrader.gapminder.org/q/29,
1673,Refugees in Rich Countries,"In 2000, around 26% of all refugees worldwide had escaped to a High-Income country. What is the share today?",https://upgrader.gapminder.org/q/1673,
1614,Wealthy Nations' Export Gap,"In 2000, high-income countries exported almost 4 times more goods and services than all other countries. How is this today?",https://upgrader.gapminder.org/q/1614,
109,Loan Costs for Low-Income Countries,"In 2000, low and middle-income countries on average spent 6% of their annual income on their loans. What was this number in 2018?",https://upgrader.gapminder.org/q/109,
1739,Electricity Access Change,"In 2010, 1.2 billion people did not have access to electricity. What happened to this number since then?",https://upgrader.gapminder.org/q/1739,
1674,Refugee Surge in Four Countries,"In 2010, the total number of refugees in Uganda, Bangladesh, Colombia, and Türkiye was 0.7 million. What was the number in 2022?",https://upgrader.gapminder.org/q/1674,
1584,Global Tax Agreement Members,"In 2016, 82 countries signed an agreement to stop companies avoiding tax by shifting profits low-tax locations. How many countries are members today?",https://upgrader.gapminder.org/q/1584,
1625,Manufacturing's Global Share,"In 2016, the manufacturing sector contributed how much to the world's economy?",https://upgrader.gapminder.org/q/1625,
1532,Hospital Infection Budgets,"In 2018, around a quarter of all countries had a dedicated budget for preventing healthcare-related infections in hospitals and health clinics. What was this figure in 2021?",https://upgrader.gapminder.org/q/1532,
1581,Global Cargo: Oil & Chemicals,"In 2018, cargo ships worldwide carried 11 billion tons. What share of the cargo was oil, petroleum products, gas and chemicals?",https://upgrader.gapminder.org/q/1581,
1662,Refugee Work Rights,"In 2018, what share of refugee-hosting countries allowed refugees the right to work?",https://upgrader.gapminder.org/q/1662,
74,IMF's Diverse Membership,"In 2018, what share of the members of the International Monetary Fund (IMF) were low- and middle-income countries?",https://upgrader.gapminder.org/q/74,
105,UN Members' Income Levels,"In 2018, what share of the members of the United Nations General Assembly were low- and middle-income countries?",https://upgrader.gapminder.org/q/105,
1648,WTO's Developing Members,"In 2018, what share of the members of the World Trade Organization were low- and middle-income countries countries?",https://upgrader.gapminder.org/q/1648,
1533,Antibiotic Resistance Deaths,"In 2019, how many people worldwide died after catching infections that were resistant to antibiotics?",https://upgrader.gapminder.org/q/1533,
1540,Antibiotic Resistance Deaths,"In 2019, how many people worldwide died after catching infections that were resistant to antibiotics?	",https://upgrader.gapminder.org/q/1540,
88,Global Climate Threat Views,"In 2019, what share of the world population think climate change is a very serious threat, or a somewhat serious threat, to their country over the next 20 years?",https://upgrader.gapminder.org/q/88,
1536,Clean Water Cost for Poor Nations,"In 2020, around 700 million people had no access to safe, running water when using a healthcare facility. How much do experts estimate it would cost to provide clean water and sanitation to all the healthcare facilities in the world’s 46 poorest countries?",https://upgrader.gapminder.org/q/1536,
1731,Renewable Energy Boom,"In 2020, how much of the new capacity for generating electricity globally came from renewable sources?",https://upgrader.gapminder.org/q/1731,
1678,UN Refugee Spending,"In 2022, many governments in Western Europe spent more than $20 per day, to host newly arrived refugees. How much did the United Nations spend per refugee per day, in the rest of the world?",https://upgrader.gapminder.org/q/1678,
1676,Europe's Ukraine Refugee Aid,"In 2022, UN's Refugee Agency UNHCR spent around 10 billion dollars to help forcibly displaced people worldwide. How much did European governments spend to help refugees from Ukraine?",https://upgrader.gapminder.org/q/1676,
1698,US Pregnancy Risks,"In Europe, for every 100,000 babies that are born, around six women die during pregnancy, while giving birth or shortly after. What is this figure in the US?",https://upgrader.gapminder.org/q/1698,
108,Richest Tax Cuts in Wealthy Nations,"In high-income countries during the past 50 years, what happened to the top marginal income taxes that apply to the richest 0.1% of the population?",https://upgrader.gapminder.org/q/108,
1730,High-Income CO2 Emissions Gap,"In High-Income Countries in 2021, the poorer half of the population emitted roughly 5 tonnes CO2 per person, from burning fossil fuels. How much was emitted per person, by the richest 10%?",https://upgrader.gapminder.org/q/1730,
19,High-Income Customs Revenue,"In high-income countries, how much on average of the governments' revenue comes from customs and import duties?",https://upgrader.gapminder.org/q/19,
1768,Murder Rate Drop Worldwide,In how many countries did the murder rate decrease between 1990 and 2019? (There are 195 countries.),https://upgrader.gapminder.org/q/1768,
49,Community Water Planning,In how many countries in the world are communities part of water resource planning and management?,https://upgrader.gapminder.org/q/49,
1574,Unequal Property Rights,In how many countries in the world do married men and married women NOT have equal rights to own property?,https://upgrader.gapminder.org/q/1574,
1650,Women Leaders Worldwide,In how many countries in the world has a woman the highest political power?,https://upgrader.gapminder.org/q/1650,
1753,Slavery Laws Worldwide,In how many countries was slavery still legal in 1950? (Meaning there was no law or constitution banning the ownership of another person.),https://upgrader.gapminder.org/q/1753,
1763,Women's Voting Rights Today,In how many of the 195 countries do women NOT have the right to vote?,https://upgrader.gapminder.org/q/1763,
43,Child Marriage Legal Worldwide,In how many of the world’s 195 countries is it possible for child marriage to occur legally?,https://upgrader.gapminder.org/q/43,
3,,"In low income countries across the world, how many girls finish primary school?",https://upgrader.gapminder.org/q/3,
1539,High-Income Infection Deaths,"In low-income countries, around 50% of all deaths are caused by infections. What is the number in high-income countries?",https://upgrader.gapminder.org/q/1539,
1499,Wars Between Countries Now,"In the 1950s, around 50% of all wars occurred between countries that are recognized as sovereign states by the UN. What is that number today?",https://upgrader.gapminder.org/q/1499,
118,Poverty Drop in 20 Years,"In the last 20 years, the proportion of people living in extreme poverty has...",,
1671,Future Rural Population Shift,"In the next 30 years, the urban population will grow to 6.7 billion people. What will happen to the rural population in that period?",https://upgrader.gapminder.org/q/1671,
1784,US & EU Child Food Programs,"In the United States and Europe, how many children are covered by some kind of social protection program in case their parents can't give them food?",https://upgrader.gapminder.org/q/1784,
1564,Biofuel Energy Today,"In the year 1800, 98% of all energy consumption came from traditional biofuels (such as burning wood and agricultural waste biomass). What is the share today?",https://upgrader.gapminder.org/q/1564,
1743,Electricity Access Today,"In the year 2000, more than a quarter of the world's population did not have access to electricity. What is the share today?",https://upgrader.gapminder.org/q/1743,
1603,Future Elderly in Rich Countries,"In two groups of countries, the total amount of old people (aged 65+) will more than double, until 2050. In which group will the increase be less than a doubling?",https://upgrader.gapminder.org/q/1603,
1557,Legal Status of Homosexuality,In what share of all countries in the world is homosexuality legal?,https://upgrader.gapminder.org/q/1557,
10,Women CEOs Worldwide,In what share of companies in worldwide is a woman the top manager or CEO?,https://upgrader.gapminder.org/q/10,
32,Life Satisfaction by Country,In which countries are people on average least satisfied with their lives?,https://upgrader.gapminder.org/q/32,
1750,Cooking with Wood Today,"In year 2000, around 50% of the world's population were cooking food by burning wood, charcoal or dung. What is the share today?",https://upgrader.gapminder.org/q/1750,
1654,Future Population Growth,It took 12 years for the world's population to grow from 6 to 7 billion people. How long is it expected to take from 7 to 8 billion people?,https://upgrader.gapminder.org/q/1654,
79,Future Megacity Living,Megacities are cities with more than 10 million inhabitants. What share of the world's population is expected to live in megacities in 2030?,https://upgrader.gapminder.org/q/79,
1704,NATO Defense Spending Rule,NATO members committed to spend a minimum share of their countries’ total incomes (GDP) each year on defence. What is that figure?,https://upgrader.gapminder.org/q/1704,
44,UN Women's Rights Signatures,"Of 197 states and countries, how many have signed the UN Convention on the Elimination of All Forms of Discrimination against Women?",https://upgrader.gapminder.org/q/44,
73,Global Anti-Racism Signatures,"Of 197 states and countries, how many have signed the UN Convention to Elimination of All Forms of Racial Discrimination?",https://upgrader.gapminder.org/q/73,
1747,CO2 Emissions Tax Growth,"Of all CO2 emitted in the world in 2004, around 1% required some carbon tax to be paid. How much of the emissions were taxed in 2020?",https://upgrader.gapminder.org/q/1747,
1782,Africa's Hunger Deaths,"Of all deaths in Africa, what share is caused by a lack of food?",,
9,Fossil Fuels Power the World,"Of all energy used in the world, how much comes from natural gas, coal and oil?",https://upgrader.gapminder.org/q/9,
111,Charity Aid to Poor Countries,"Of all financial aid received by the least developed countries, how much comes from charities and private philanthropies?",https://upgrader.gapminder.org/q/111,
1568,Civilian Firearm Ownership,"Of all firearms in the world, what share is owned by civilians?",https://upgrader.gapminder.org/q/1568,
1755,Girls' School Attendance,"Of all girls aged 6 to 11 in the world, how many go to school?",https://upgrader.gapminder.org/q/1755,
1741,Fossil Fuels and Emissions,"Of all greenhouse gas emissions from human activites, how much comes from burning fossil fuels?",https://upgrader.gapminder.org/q/1741,
1794,Food Transport Emissions,"Of all greenhouse gas emissions from the global food system, how much comes from transporting food?",,
98,Wild Mammals on Earth,"Of all mammals on Earth, what percentage can be classified as wildlife?",https://upgrader.gapminder.org/q/98,
1787,World's Farming Earnings,"Of all money earned in the world, how much comes from agriculture, forestry and fishing?",https://upgrader.gapminder.org/q/1787,
1758,Global Earnings from Services,"Of all money earned in the world, how much comes from services, such as administration, banking, care, teaching, transport and entertainment?",https://upgrader.gapminder.org/q/1758,
1727,Heavy Industry Earnings,"Of all money earned in the world, how much comes from work in heavy industries and construction?",https://upgrader.gapminder.org/q/1727,
1566,Rich Countries' Aid Share,"Of all money used by governments in rich countries, how much was given as international aid to poorer countries?",https://upgrader.gapminder.org/q/1566,
1597,Oxygen from Trees,"Of all oxygen produced, how much comes from trees?",https://upgrader.gapminder.org/q/1597,
1530,Poverty in Middle-Income Nations,"Of all people in the world living in extreme poverty in 2020, with less than $2/day, how many live in middle-income countries?",,
1656,Unseen Births Worldwide,"Of all pregnant women in the world, how many give birth without first being examined by an educated midwife, nurse or doctor?",https://upgrader.gapminder.org/q/1656,
36,Low-Income Teacher Training,"Of all primary school teachers in low-income countries, what share are trained?",https://upgrader.gapminder.org/q/36,
68,Young Refugees Worldwide',"Of all refugees across the world, how many are below 18 years?",,
54,Traditional Biofuels Share,"Of all renewable energy that is consumed in the world today, what share comes from traditional biofuels (burning wood, forestry materials and agricultural waste)?",https://upgrader.gapminder.org/q/54,
1675,Middle East Refugee Struggles,"Of all Syrian refugees in Egypt, Lebanon, Jordan and Iraq in 2021, how many said they couldn't afford their basic needs, such as food, medicine and housing?",https://upgrader.gapminder.org/q/1675,
101,Tropical Rainforest Loss,"Of all the area worldwide that was tropical rainforest 100 years ago, how much of it is still tropical rainforest?",https://upgrader.gapminder.org/q/101,
1691,Global Energy as Electricity,"Of all the energy used in the world, what share is used in the form of electricity?",https://upgrader.gapminder.org/q/1691,
1724,Press Freedom in Key Nations,"Of all the journalists imprisoned globally in 2017, around 20% were in Russia, China, Iran, Myanmar and Belarus combined. What was this figure in 2022?",https://upgrader.gapminder.org/q/1724,
1598,Birds at Risk Worldwide,"Of all the known species of birds worldwide, how many are endangered or threatened?",https://upgrader.gapminder.org/q/1598,
1777,Middle-Income Poverty Rate,"Of all the people in Middle-Income Countries, how many live in extreme poverty (with less than $2/day)?",https://upgrader.gapminder.org/q/1777,
1783,School Meal Programs Worldwide,"Of the 194 countries in the world, how many have some kind of school feeding program?",,
1638,Electricity Delivery Costs,"Of the total cost of electricity, how much is the transfer from the power station to the user?",https://upgrader.gapminder.org/q/1638,
110,Government's Share in Education,"Of the total expenditure in education globally, how much is paid by governments?",https://upgrader.gapminder.org/q/110,
23,Elderly Poverty in Rich Nations,On average how many of those aged 65 or older live below the national poverty lines in high income countries?,,
1500,Women's Unpaid Work Gap,"On average, how much more unpaid care and domestic work do women do than men in the world today?",https://upgrader.gapminder.org/q/1500,
1522,Income Growth in Other Countries,"Over the last 50 years, the average income of the 40 richest countries doubled. What happened to the average income of all other countries?",https://upgrader.gapminder.org/q/1522,
91,Global Fish Eating Habits',People worldwide eat 6kg of beef and veal a year. How much fish is consumed on average per person?,https://upgrader.gapminder.org/q/91,
61,Container Traffic in Poorer Nations,Ports in high income countries handle around 369 million containers. What is the number in low and middle income countries?,https://upgrader.gapminder.org/q/61,
1791,ReliefWeb's Global Reports,"ReliefWeb is UN's service to coordinate disaster relief work worldwide, day and night. How many humanitarian Situation Reports did it publish last year?",https://upgrader.gapminder.org/q/1791,
1629,,Roughly 35 countries every year experienced some sort of violent conflict during the past 5 years. What was the average number during the 1950s?,https://upgrader.gapminder.org/q/1629,
21,Extreme Poverty Today',Roughly 40% of the world's population lived in extreme poverty in 1980. What is the share today?,,
1555,Minimum Wage in Rich Countries,"Roughly how much is the minimum wage allowed to pay for a day of work, on average across USA, Canada, Australia, New Zealand and the European Union?",https://upgrader.gapminder.org/q/1555,
1523,Textile Countries' Wages,"Roughly what is the minimum wage in these countries with lots of textile factories, India, China, Pakistan, Vietnam, Cambodia, Myanmar and Indonesia?",https://upgrader.gapminder.org/q/1523,
1759,Europe & North America Emissions,"Since 1850, what share of all carbon emissions have come from Europe and North America?",https://upgrader.gapminder.org/q/1759,
76,Urban vs Rural Growth,"Since 1950, the share of people living in towns and cities quadrupled. What happened to the share of rural population?",https://upgrader.gapminder.org/q/76,
1789,Farming Land vs. Food Output,"Since 1961, the amount of land used for agriculture has increased by around 8%. What has happened to the total amount of food produced per year?",https://upgrader.gapminder.org/q/1789,
1682,Energy Use Per Person Up,"Since 1970, what happened to the energy consumption per person?",https://upgrader.gapminder.org/q/1682,
80,Asia's Natural Disaster Homelessness,"Since 1990, an estimated 800,000 people were made homeless in Europe due to natural disasters. How does Asia compare to this for the same period?",https://upgrader.gapminder.org/q/80,
1686,Land Sales to Foreign Firms,"Since 2009, the total number of hectares sold by governments to foreign companies each year has:",,
1708,Terrorism Deaths Drop,"Since 2014, what has happened to the number of people dying due to terrorism?",https://upgrader.gapminder.org/q/1708,
92,Marine Protection Growth,"Since 2016, what has happened to the share of protected marine areas worldwide?",https://upgrader.gapminder.org/q/92,
1722,Ozone Protection Success,"Since agreements were made in 1987 to limit the ozone depleting substances, by how much have emissions of these substances declined?",https://upgrader.gapminder.org/q/1722,
75,IMF's European Leaders,"Since it was founded, the International Monetary Fund (IMF) had 12 Managing Directors. How many of them were born in Europe?",https://upgrader.gapminder.org/q/75,
1621,Trust in Wealthy Countries,The 20 countries where most people say they trust others are:,https://upgrader.gapminder.org/q/1621,
94,Global Life Expectancy Then,"The average length of life worldwide is roughly 72, today. What was the global life expectancy hundred years ago?",https://upgrader.gapminder.org/q/94,
1519,,"The global climate experts believe that, over the next 100 years, the average temperature will:",https://upgrader.gapminder.org/q/1519,
90,Future Marine Sector Leader,The largest marine sector in terms of value was oil and gas in 2010. What will be the largest marine sector in 2030?,https://upgrader.gapminder.org/q/90,
1558,Global Obesity Numbers,The man in the picture is what doctors call 'obese'. How many people in the world are obese? //lh3.googleusercontent.com/14D2lPxKdwtSHcciicpoPyXBpqAoJS53g7VUWQHMzEKXh024iVum1xOzQkXajGwj3q7NI2LoNbqgAC3c2QUXIno=w300-h225,https://upgrader.gapminder.org/q/1558,
1756,High-Income CO2 Emissions,"The people in high income-income countries, emit how much CO2 per person, on average, compared to people in the rest of the world?	",https://upgrader.gapminder.org/q/1756,
93,Sea Law Global Signatures,The UN Convention on the Law of the Sea was introduced in 1982. How many countries have ratified it?,https://upgrader.gapminder.org/q/93,
1505,Future Population Growth,The United Nations predicts that by 2100 the world population will have increased by another 4 billion people. What is the main reason?,https://upgrader.gapminder.org/q/1505,
1502,UN Goals and Democracy,"The United Nations Sustainable Development Goals have a total of 169 targets. How many of them mention the words ""democracy"" or ""democratic""?",https://upgrader.gapminder.org/q/1502,
1594,,The world population is roughly 8 billion people. How many are international refugees?,https://upgrader.gapminder.org/q/1594,
1622,Future World Population,There are currently 7.7 billion people on Earth. How many people do UN experts think there will be in 2100?,https://upgrader.gapminder.org/q/1622,
1518,Endangered Species Status,"Tigers, Giant Pandas and Black Rhinos were listed as threatened species in 1996. Since then, have any of these species become more critically endangered?",https://upgrader.gapminder.org/q/1518,
1693,Future Fossil Fuel Overuse,"To avoid global warming of more than 1.5°​C, the world must use a limited amount of fossil fuels until 2030. If current trends continue we will exceed that limit. By how much?",https://upgrader.gapminder.org/q/1693,
56,Future Working-Age Share,"Today, about 66% of the world population is of working age (between 15-64 years old). What will this share be in the 2100?",https://upgrader.gapminder.org/q/56,
1535,Africa Cesarean Infections,"Today, how many women in Africa who give birth through a cesarean get an infected wound (which affects their health and their ability to provide quality care for their baby)?",https://upgrader.gapminder.org/q/1535,
78,Future Big Cities in Africa,"Today, there are 43 cities in Africa with more than 1 million inhabitants. How many cities of this size will there be in 2030?",https://upgrader.gapminder.org/q/78,
42,Women Leaders Worldwide,"Up to 1990, 20 countries in the world had a female head of state or government at some point in time. What was that number today?",https://upgrader.gapminder.org/q/42,
107,Global Human Rights Growth,"Up to the year 2000, 21% of all countries had applied to the United Nations for accreditation of some independent human rights institutions. What is the share today?",https://upgrader.gapminder.org/q/107,
1613,Global Leading Cause of Death,What causes most deaths in the world?,https://upgrader.gapminder.org/q/1613,
97,Threatened Animal Group,What group of animals has the highest share of threatened species?,https://upgrader.gapminder.org/q/97,
96,Global Tuberculosis Drop,What happened rate of new tuberculosis cases in the world between 2000 and 2017?,https://upgrader.gapminder.org/q/96,
1766,Crop Yield Boom,"What happened to the average amount of food produced from a field with potatoes, cassava, maize, rice and wheat since 1960?",https://upgrader.gapminder.org/q/1766,
1771,Global Maternal Deaths Drop,What happened to the global maternal mortality rate between 2000 and 2022 (the rate of mothers dying while giving birth or shortly after)?,https://upgrader.gapminder.org/q/1771,
89,Oil Spills Drop Since 1970s,What happened to the number of oil spills from tankers since the 1970s?,https://upgrader.gapminder.org/q/89,
102,Pirate Attacks Drop,What happened to the number of pirate attacks on boats in the last 10 years?,https://upgrader.gapminder.org/q/102,
100,Global Forest Size Change',What happened to the size of forest areas in the world in the last 20 years?,https://upgrader.gapminder.org/q/100,
1602,EU Suicide Rate Drop,What happened to the suicide rate in the EU between 1999 and 2019?,https://upgrader.gapminder.org/q/1602,
58,Global Raw Material Rise,What happened to the total amount of raw materials used across the world annually since 2000?,https://upgrader.gapminder.org/q/58,
1520,Wild Fish Catch Trends,What happened to the total volume of fish caught in the wild every year during the past 20 years?,https://upgrader.gapminder.org/q/1520,
85,Future CO2 Emissions Effect,"What happens to the average global temperature if we halve the annual net emissions of CO2, today?",https://upgrader.gapminder.org/q/85,
1681,Low-Income Farmers' Earnings,What is the average income of small scale farmers in low-income countries?,https://upgrader.gapminder.org/q/1681,
1641,Sub-Saharan Africa Lifespan,What is the average life expectancy in Sub-Saharan Africa?,https://upgrader.gapminder.org/q/1641,
1515,Global Life Expectancy,What is the life expectancy of the world population?,https://upgrader.gapminder.org/q/1515,
1754,Updating Developing Countries List,"What is the official method for updating the list of countries called ""Developing countries""?",https://upgrader.gapminder.org/q/1754,
1570,Deadly Air Pollution,What kills most people?,https://upgrader.gapminder.org/q/1570,
71,Europe's Income Equality,"What part of the world has the lowest income inequality, when measuring the share of the total income the richest 10% earn?",https://upgrader.gapminder.org/q/71,
1550,High Birth Rate Countries,What percentage of the world's population lives in countries where women have 5 or more babies?,https://upgrader.gapminder.org/q/1550,
1504,Global Baby Count Trends,What percentage of the world’s population lives in countries where women on average have less than 3 babies?,https://upgrader.gapminder.org/q/1504,
1571,Contraceptive Access Gap,"What percentage of women in a stable relationship want to use contraceptives, but don't have access to them?",https://upgrader.gapminder.org/q/1571,
1688,Global Drug Use Rate,What share of adults in the world uses drugs (alcohol not included)?,https://upgrader.gapminder.org/q/1688,
99,Livestock Land Use,What share of agricultural land is used for livestock?,https://upgrader.gapminder.org/q/99,
1547,Africa's Battle Deaths Share,What share of all battle deaths in the past 10 years occurred in Africa?,https://upgrader.gapminder.org/q/1547,
1719,Laws Protecting Women,What share of all countries have some kind of law to protect women against domestic violence?,https://upgrader.gapminder.org/q/1719,
1627,,What share of all countries will have fewer people in 2050 than today?,https://upgrader.gapminder.org/q/1627,
1637,Modern Renewables' Energy Share,"What share of all energy used in the world comes from the modern renewable sources such as solar, wind, hydro and modern biofuels?",https://upgrader.gapminder.org/q/1637,
1497,Fish Farming's Global Share,What share of all fish caught for food across the world comes from fish farming?,https://upgrader.gapminder.org/q/1497,
1563,Airplane Emissions Share,What share of all greenhouse gas emissions comes from airplanes?,https://upgrader.gapminder.org/q/1563,
84,Plastic in Household Trash,What share of all household garbage is plastic?,https://upgrader.gapminder.org/q/84,
66,,What share of all migrants in the world are refugees?,https://upgrader.gapminder.org/q/66,
1546,Africa's Overweight Children,What share of all overweight children under 5 in the world live in Africa?,https://upgrader.gapminder.org/q/1546,
1600,Gang-Related Homicides,What share of all recorded homicides in the world are related to gangs and organised crime?,https://upgrader.gapminder.org/q/1600,
1531,Hospital Covid Infections,What share of all the patients in hospital with Covid were infected with Covid while they were in the hospital for a different reason?,https://upgrader.gapminder.org/q/1531,
62,Global Factory Workers,What share of all workers worldwide are employed in the manufacturing sector?,https://upgrader.gapminder.org/q/62,
17,,What share of countries in the world have laws against sexual harassment in employment?,https://upgrader.gapminder.org/q/17,
1610,Women and Girls Migrants,What share of international migrants are women and girls?,https://upgrader.gapminder.org/q/1610,
57,Global Pension Coverage,What share of people above retirement age worldwide receive a pension?,https://upgrader.gapminder.org/q/57,
1615,Low-Income Poverty Rate,What share of people in low-income countries lives in extreme poverty?,,
1788,African Hunger Problem,What share of the African population is undernourished?,https://upgrader.gapminder.org/q/1788,
1690,European Movers and Shakers,What share of the European population is currently living outside the country they were born in?,https://upgrader.gapminder.org/q/1690,
1620,Tourism's Global Share,What share of the global economy comes from tourism?,https://upgrader.gapminder.org/q/1620,
1562,Sewer Connections Worldwide,What share of the global population is connected to sewers?,https://upgrader.gapminder.org/q/1562,
112,Least Developed Nations Investment',What share of the least developed countries in the world have foreign investment promotion agencies?,https://upgrader.gapminder.org/q/112,
4,High-Income Poverty Levels,What share of the population in high-income countries (like Germany and the USA) live in extreme poverty (with less than $2/day)?,,
1647,Africa's Wildfire Share,What share of the total area burned by wildfires is in Africa?,https://upgrader.gapminder.org/q/1647,
1544,Sub-Saharan Africa's Urban Electricity,What share of the urban population in Sub-Saharan Africa has access to electricity?,https://upgrader.gapminder.org/q/1544,
1778,Global Extreme Poverty Share,"What share of the world population lives in countries where the majority are extremely poor, living with less than 2$/day?",,
113,Life Expectancy Shift,"What share of the world population today live in countries where life expectancy is shorter than 50 years (in 1960, it was around 55%)?",https://upgrader.gapminder.org/q/113,
1780,Global Hunger Challenge,What share of the world's population aren't able to access enough nutritious food every day?,https://upgrader.gapminder.org/q/1780,
12,Global Hunger Problem,What share of the world’s population don't have enough food to meet their daily needs?,https://upgrader.gapminder.org/q/12,
1599,Police Contact Worldwide,What share of the world's population has come in contact with the police or criminal justice systems?,https://upgrader.gapminder.org/q/1599,
13,World's Megacity Population,What share of the world’s population lives in megacities (cities with at least 10 million people)?,https://upgrader.gapminder.org/q/13,
1611,Middle-Income World Majority,What share of the world's population lives in middle-income countries today?,https://upgrader.gapminder.org/q/1611,
64,Global Internet Users,What share of the world's population used the internet last year?,https://upgrader.gapminder.org/q/64,
1585,North America's Waste Share,What share of the world’s waste is produced in North America?,https://upgrader.gapminder.org/q/1585,
1711,Women in Academia Worldwide,What share of university academics (e.g. researchers and teachers) in the world are women?,https://upgrader.gapminder.org/q/1711,
1578,Youth in Informal Jobs,What share of young people (aged 15-24) that work worldwide are in informal employment?,https://upgrader.gapminder.org/q/1578,
1775,US Top Service Export to China,What was the top U.S. service export to China in 2021?,https://upgrader.gapminder.org/q/1775,
1541,Clean Water Cost in Poor Nations,"What would it cost to install clean water and sanitation in all healthcare facilities in the 46 poorest countries, expressed as % of total international aid in 2020:",https://upgrader.gapminder.org/q/1541,
1709,Europe's Costly Cities,"When listing the ten most expensive cities to live in the world, how many are in Europe?",https://upgrader.gapminder.org/q/1709,
1635,Open Skies Treaty Members,"When the Open Skies Treaty (which allows members to conduct observation flights over each others' land) began in 2002, 34 countries were members. How many are there today?",https://upgrader.gapminder.org/q/1635,
1642,UNICEF Vaccine Price Deal,"When UNICEF buys vaccines, what price do they pay on average, compared to the price payed by high-income countries like Germany and USA?",https://upgrader.gapminder.org/q/1642,
1723,Stay or Go: Fleeing Home,"Where do the majority of people who are forced to flee their homes due to conflict, persecution or disaster move to?",https://upgrader.gapminder.org/q/1723,
1514,World's Population Home,Where does the majority of the world population live?,https://upgrader.gapminder.org/q/1514,
65,,Which country hosts the largest share of refugees in relation to its population size?,https://upgrader.gapminder.org/q/65,
1651,Africa's Biggest Trade Zone,Which free trade area includes the most countries?,https://upgrader.gapminder.org/q/1651,
1736,Renewable Energy Leaders,Which group of countries below has the highest share of electricity from renewable sources?,https://upgrader.gapminder.org/q/1736,
104,Top UN Peacekeeper Countries,Which group of countries sent most troops to UN's peacekeeping missions during the past 5 years?,https://upgrader.gapminder.org/q/104,
1785,Central Asia's Women Scientists,Which of the following regions has the highest share of female researchers?,https://upgrader.gapminder.org/q/1785,
1609,,Which of the following represents the largest foreign revenue to Africa?,https://upgrader.gapminder.org/q/1609,
1591,Atmosphere Temperature Change,Which of the illustrations demonstrates best what happened in the last 50 years to the average temperature in the atmosphere below and above 10 km? //lh3.googleusercontent.com/oMZuyZnW82r59m5ohcY7Mz0XhtNit0oKPOnITmTN12y8nFneiMhIl9FF9kU3XeAhZBrmXLTJI39gEPcruxq6=w300-h169,https://upgrader.gapminder.org/q/1591,
1716,,Which of these free-trade areas includes most countries?,https://upgrader.gapminder.org/q/1716,
1639,Greenhouse Gas Mystery,Which of these gases is NOT a greenhouse gas?,https://upgrader.gapminder.org/q/1639,
1501,UN Member Countries Map,Which of these maps shows all the members of the United Nations? //lh3.googleusercontent.com/pzK1wRCAasnZVkzdfBmulbPVHkK0cOSF4UXRzxRWxD8at0bRY8fuSEvZ5brdSThJwArubnBlDhIcLTw5b3C-Jwg=w243-h250,https://upgrader.gapminder.org/q/1501,
1507,Journalist Deaths Trend,Which of these trends shows how many journalists were reported killed in the world every year since 1992? See image below.,https://upgrader.gapminder.org/q/1507,
1721,DNA Diversity in Africa,Which part of the world has the largest variation of human DNA (people have most different ancestors)? //lh3.googleusercontent.com/hFU38epEtHSZZ03QYktw_-0nL4yhEDjRDxRTi79o5QElCLCOybVqpBdaTA7_P-ZhZBX_9rReyOA9Bk8Of4CF7g=w300-h142,https://upgrader.gapminder.org/q/1721,
1685,Sub-Saharan Mobile Money Leader,Which region has the highest number of mobile money accounts globally?,https://upgrader.gapminder.org/q/1685,
67,Africa's Refugee Numbers,Which region hosts the largest number of refugees?,https://upgrader.gapminder.org/q/67,
70,,Who is a refugee? A person who:,https://upgrader.gapminder.org/q/70,
1542,Sub-Saharan Female Researchers,Worldwide about 30% of researchers are women. What is the share of female researchers in sub-Saharan Africa?,https://upgrader.gapminder.org/q/1542,
1516,School Years Gap Worldwide,"Worldwide, 30 year old men have spent 10 years in school, on average. How many years have women of the same age spent in school?",https://upgrader.gapminder.org/q/1516,
1699,Journalists in Prison Worldwide,"Worldwide, between 2000 and 2010, there were 140 journalists in prison each year on average. How many were there in 2022?",https://upgrader.gapminder.org/q/1699,
1679,Journalists in Prison Rise,"Worldwide, between 2000 and 2010, there were 153 journalists in prison each year on average. How many were there in 2022?",https://upgrader.gapminder.org/q/1679,
31,Safe Births Worldwide,"Worldwide, how many babies are born with a trained health worker present?",https://upgrader.gapminder.org/q/31,
26,Overweight Children Worldwide,"Worldwide, how many children under age 5 are overweight?",https://upgrader.gapminder.org/q/26,
1702,Male Homicide Victims Worldwide,"Worldwide, how many homicide victims are men?",https://upgrader.gapminder.org/q/1702,
46,Toilet Access Worldwide,"Worldwide, how many people have no toilet of any kind, and instead have to use the bushes, fields or streets?",https://upgrader.gapminder.org/q/46,
1556,Rural Electricity Access,"Worldwide, how many people living in rural areas have access to electricity?",https://upgrader.gapminder.org/q/1556,
1653,Informal Work Worldwide,"Worldwide, how many workers are employed in the informal sector?",https://upgrader.gapminder.org/q/1653,
34,HIV Treatment Access,"Worldwide, there are almost 37 million people living with HIV. How many of them get anti-HIV drugs?",https://upgrader.gapminder.org/q/34,
1529,Protected Land Growth,"Worldwide, what happened to the size of the land areas declared as protected in the last 30 years?",https://upgrader.gapminder.org/q/1529,
1779,Urban Slums and Poverty,"Worldwide, what share of all people living in extreme poverty (on less than $2 a day) live in urban slums or refugee camps?",https://upgrader.gapminder.org/q/1779,
69,,"Worldwide, what share of refugees have been in exile for more than four years?",https://upgrader.gapminder.org/q/69,
40,Women in Parliaments Today,"Worldwide, what share of seats in national parliaments is held by women today?",https://upgrader.gapminder.org/q/40,
41,Most Popular Birth Control,"Worldwide, which of these contraceptive methods is the most used method by women who are in a stable relationship?",https://upgrader.gapminder.org/q/41,
1549,,#N/A,https://upgrader.gapminder.org/q/1549,
1569,,#N/A,https://upgrader.gapminder.org/q/1569,
1786,,#REF!,https://upgrader.gapminder.org/q/1786,
1513,,#REF!,https://upgrader.gapminder.org/q/1513,
1604,,#N/A,https://upgrader.gapminder.org/q/1604,
28,,#N/A,https://upgrader.gapminder.org/q/28,
1548,,#N/A,https://upgrader.gapminder.org/q/1548,
1545,Death causes in Africa,Which of the following causes the most deaths in Africa?,https://upgrader.gapminder.org/q/1545,manual
1655,,#REF!,https://upgrader.gapminder.org/q/1655,
95,,#N/A,https://upgrader.gapminder.org/q/95,
1769,,#N/A,https://upgrader.gapminder.org/q/1769,
1572,,#N/A,https://upgrader.gapminder.org/q/1572,
1,,#REF!,https://upgrader.gapminder.org/q/1,
33,,#N/A,https://upgrader.gapminder.org/q/33,
1605,,#N/A,https://upgrader.gapminder.org/q/1605,
37,,#N/A,https://upgrader.gapminder.org/q/37,
1510,,#N/A,https://upgrader.gapminder.org/q/1510,
1575,,#N/A,https://upgrader.gapminder.org/q/1575,
1748,Early Marriage in Africa,How many girls are married by the age of 15 in Sub-Saharan Africa?,https://upgrader.gapminder.org/q/1748,
1589,,#REF!,https://upgrader.gapminder.org/q/1589,
1573,,#N/A,https://upgrader.gapminder.org/q/1573,
59,,#REF!,https://upgrader.gapminder.org/q/59,
1524,,#REF!,https://upgrader.gapminder.org/q/1524,
1689,,#REF!,https://upgrader.gapminder.org/q/1689,
50,,#REF!,https://upgrader.gapminder.org/q/50,
53,,#N/A,https://upgrader.gapminder.org/q/53,
1580,,#N/A,https://upgrader.gapminder.org/q/1580,
86,,#REF!,https://upgrader.gapminder.org/q/86,
1633,,#N/A,https://upgrader.gapminder.org/q/1633,
1790,,#N/A,https://upgrader.gapminder.org/q/1790,
1737,,#N/A,https://upgrader.gapminder.org/q/1737,
1762,,#N/A,https://upgrader.gapminder.org/q/1762,
1649,,#N/A,https://upgrader.gapminder.org/q/1649,
1715,,#N/A,https://upgrader.gapminder.org/q/1715,
1764,,#N/A,https://upgrader.gapminder.org/q/1764,
1712,,#REF!,https://upgrader.gapminder.org/q/1712,
1521,,#REF!,https://upgrader.gapminder.org/q/1521,
15,,#REF!,https://upgrader.gapminder.org/q/15,
20,,#REF!,https://upgrader.gapminder.org/q/20,
1593,,#REF!,https://upgrader.gapminder.org/q/1593,
1506,,#N/A,https://upgrader.gapminder.org/q/1506,
1781,,#N/A,https://upgrader.gapminder.org/q/1781,
1701,,#N/A,https://upgrader.gapminder.org/q/1701,
1757,,#N/A,https://upgrader.gapminder.org/q/1757,
1742,,#N/A,https://upgrader.gapminder.org/q/1742,
1,Suicide Rate Trend,What happened to the global suicide rate in the last 20 years?,CHATGPT o3-mini-high,
1757,Historical Child Mortality,"In 2023, the number of children who died before age five was around 4% worldwide. What was this number back in 1900?",CHATGPT o3-mini-high,
1745,Disaster Damage Trend,"During the 1990s, the total damage caused by natural disasters was about 0.25% of total world income (GDP). During the last 10 years, that number was…",CHATGPT o3-mini-high,
814,US Climate Concern,How many people in the USA consider climate change a threat to their country?,CHATGPT o3-mini-high,
59,Fossil Fuel Reserves,During the past 40 years the total amount of oil and natural gas in known underground reserves:,CHATGPT o3-mini-high,
1498,Wildlife Population Trend,"For all vertebrate species (animals with skeletons), how much did their wild populations decline on average during the past 50 years?",CHATGPT o3-mini-high,
1764,EU/USA CO2 Trend,What happened to CO2 emissions from the EU and USA since 2005?,CHATGPT o3-mini-high,
37,Child Skills Gap,"Worldwide, how many children under age 15 do not achieve the required minimum skills in reading and math?",CHATGPT o3-mini-high,
1510,Child School Attendance,"Of all children aged 6 to 11 in the world, how many go to school?",CHATGPT o3-mini-high,
53,Child Labor Sector,"Globally, around 160 million children are used for child labor. In what sector do the majority of them work?",CHATGPT o3-mini-high,
17,Workplace Harassment Laws,What share of countries in the world have laws against sexual harassment at work?,CHATGPT o3-mini-high,
18,Primary Sector Share,"How much of the world's economy comes from agriculture, forestry and fishing?",CHATGPT o3-mini-high,
3,Low-Income Girls' Education,"In low-income countries across the world in 2022, what share of girls went to school until at least age 11?",CHATGPT o3-mini-high,
1790,Transport Emissions Share,How much of all greenhouse gas emissions come from transport?,CHATGPT o3-mini-high,
1786,Grain Production Trend,"Since 1961, the land used for crop agriculture worldwide has increased by 13%. What has happened to the annual amount of grains (corn, wheat, rice etc) produced?",CHATGPT o3-mini-high,
1784,Child Social Protection,"In the United States and Europe, how many children are covered by some kind of social protection program in case their parents can't give them food?",CHATGPT o3-mini-high,
1604,European Child Obesity,"How many children in Europe (including Russia and Türkiye) are obese today?""",CHATGPT o3-mini-high,
1513,Agricultural Research Spending,"Between 2005 and 2020, $57 billion was spent on food aid for poor countries. How much was spent researching new crops that could yield more food or survive extreme weather?",CHATGPT o3-mini-high,
26,Child Overweight Prevalence,"Worldwide, how many children under age 5 are overweight?",CHATGPT o3-mini-high,
28,Child Undernutrition Regions,Which of the following regions has the largest share of children under 5 who are dangerously underweight?,CHATGPT o3-mini-high,
1627,Population Decline Share,"What share of all countries will have fewer people in 2050 than they have today, if current population trends continue?",CHATGPT o3-mini-high,
1506,Child Population Projection,"There are 2 billion children in the world today, aged 0-14 years old. How many children will there be in the year 2100 according to the United Nations?",CHATGPT o3-mini-high,
1663,Refugee Overqualification Rate,"Among university-educated refugees in the EU in 2019 who were employed, how many of them were overqualified for their jobs?",CHATGPT o3-mini-high,
1737,High-Income Climate Concern,How many people in high-income countries see climate change as a threat to their country over the next 20 years?,CHATGPT o3-mini-high,
1716,Free-Trade Area Count,Which of these free-trade areas includes the most countries?,CHATGPT o3-mini-high,
70,Refugee Count Criteria,"When counting the number of refugees in the world, the number includes people who have...",CHATGPT o3-mini-high,
69,Refugee Exile Duration,"Of all refugees worldwide, in 2023, what share had been in exile for more than four years?",CHATGPT o3-mini-high,
66,Migrant Refugee Share,"What share of all migrants in the world are refugees?""",CHATGPT o3-mini-high,
65,Refugee Burden Ratio,Which of these countries hosts the largest share of refugees in relation to its population?,CHATGPT o3-mini-high,
1715,Greenhouse Gas Effect,What is it all greenhouse gases do?,CHATGPT o3-mini-high,
1769,Child Cancer Survival,"Of all children in high-income countries who had cancer back in 1975, around 58% survived more than 5 years. What is that number today?",CHATGPT o3-mini-high,
120,Smallpox Case Projection,How many cases of smallpox are expected in the world this year?,CHATGPT o3-mini-high,
33,Infant Vaccination Coverage,How many of the world's 1-year-old children were vaccinated against some disease in 2023?,CHATGPT o3-mini-high,
1633,China Energy Switch,"70% of Europeans said they were planning to switch to a more environmentally friendly energy provider to fight climate change, in 2020. What was this number in China?",CHATGPT o3-mini-high,
1580,Child Labor Exploitation,"Of all children (5-17 years old) in the world, how many are exploited for child labor?",CHATGPT o3-mini-high,
1626,Water Collection Burden,How many people in the world have to make a round trip of more than 30 minutes to collect drinking water?,CHATGPT o3-mini-high,
1710,Green Waste Share,"What share of waste that is collected from households, businesses and streets is food and other green waste (e.g. grass cuttings)?",CHATGPT o3-mini-high,
1634,US Energy Switch,"70% of Europeans said they were planning to switch to a more environmentally friendly energy provider to fight climate change, in 2020. What was this number in the US?",CHATGPT o3-mini-high,
1649,Climate Change Awareness,When did scientists first start to realize that human activities have the power to influence the climate?,CHATGPT o3-mini-high,
1749,CO2 Recovery Timeline,"If we stopped all carbon emissions (CO2) today, roughly how long would it take before the CO2 concentration in the atmosphere is back to the levels back in 1750?",CHATGPT o3-mini-high,
1762,Carbon Capture Technologies,The UN’s scenarios for stopping global warming rely on technologies to capture and store carbon from the atmosphere. How many of these technologies are already affordable and used today?,CHATGPT o3-mini-high,
1596,Amazon Oxygen Usage,How much of the oxygen that the Amazon forest produces do we humans breathe?,CHATGPT o3-mini-high,
1629,Historical Conflict Frequency,Roughly 35 countries every year experienced some sort of violent conflict during the past 5 years. What was the average number during the 1950s?,CHATGPT o3-mini-high,
1618,Nuclear Info Exchange,"Between 2011 and 2022, how many times did the US and Russia share information with each other about their nuclear weapons?",CHATGPT o3-mini-high,
1594,Global Refugee Numbers,"At the end of 2022, the world population was roughly 8 billion people. How many were international refugees, asylum seekers or displaced abroad by humanitarian crises?",CHATGPT o3-mini-high,
1519,Future Temperature Projection,"The global climate experts believe that, over the next 100 years, the average temperature will:",CHATGPT o3-mini-high,
1546,African Overweight Children,What share of all overweight children under 5 in the world live in Africa?,CHATGPT o3-mini-high,
1575,Out-of-School Girls,"Of all children in the world who are of primary school age but don't go to school, how many are girls?",CHATGPT o3-mini-high,
1573,School Sanitation Coverage,In what share of all schools in the world do children have soap and water to wash their hands with?,CHATGPT o3-mini-high,
95,Child Mortality Trend,"In 1990, around 9% of children worldwide died before age five. What is the number today?",CHATGPT o3-mini-high,
1605,Measles Vaccination Coverage,How many children in Europe (including Russia and Türkiye) receive the full two doses of the measles vaccine?,CHATGPT o3-mini-high,
1548,Child Bed Net Usage,How many children aged under 5 in Sub-Saharan Africa sleep under a bed net to prevent malaria?,CHATGPT o3-mini-high,
1742,Child Mortality Inequality,"In the poorest 25 countries, how many more children die among the poorest 20% of the population, compared to the richest 20%?",CHATGPT o3-mini-high,
1700,EV Material Processing,Graphite is used in electric-vehicle batteries and dysprosium is used in electric-vehicle motors. What share of those materials is processed in China? ,CHATGPT o3-mini-high,
1701,Latin America Mortality,Which of the following options cause most deaths in Latin America and the Caribbean?,CHATGPT o3-mini-high,
1609,Africa Finance Flow,Which of these represent the largest flow of money to Africa? ,CHATGPT o3-mini-high,
1572,Low-Income Child Mortality,"Of all children born in low-income countries in 1990, about 18% died before their 5th birthday. What is the number today?",CHATGPT o3-mini-high,
1569,Child Underweight Prevalence,"Worldwide, how many children under 5 are dangerously underweight because of lack of food or serious illness?",CHATGPT o3-mini-high,
1549,Child Stunting in SSA,"Worldwide, 22% of children are much shorter than average because they’ve had too little food sometime during their first five years of life. What is that number in Sub-Saharan Africa?",CHATGPT o3-mini-high,